customer_id,age,gender,city,signup_date
1,56,Female,Pune,2024-03-12
2,46,Female,Mumbai,2023-11-19
3,32,Male,Delhi,2024-05-16
4,60,Female,Bangalore,2024-01-28
5,25,Male,Bangalore,2024-08-21
6,38,Male,Ahmedabad,2023-05-29
7,56,Female,Ahmedabad,2024-02-09
8,36,Female,Mumbai,2023-10-10
9,40,Female,Ahmedabad,2023-12-28
10,28,Male,Mumbai,2024-01-14
11,28,Female,Pune,2023-07-17
12,41,Female,Mumbai,2024-07-09
13,53,Female,Ahmedabad,2023-12-22
14,57,Female,Pune,2024-06-23
15,41,Female,Ahmedabad,2024-03-04
16,20,Male,Mumbai,2023-01-17
17,39,Male,Delhi,2024-01-14
18,19,Male,Bangalore,2024-05-20
19,41,Female,Ahmedabad,2023-03-17
20,61,Female,Mumbai,2023-08-19
21,47,Female,Pune,2023-09-05
22,55,Male,Ahmedabad,2023-10-29
23,19,Female,Ahmedabad,2023-08-03
24,38,Female,Bangalore,2023-06-07
25,50,Female,Mumbai,2023-03-10
26,29,Male,Delhi,2024-01-28
27,39,Female,Pune,2023-03-26
28,61,Male,Mumbai,2023-09-24
29,42,Female,Pune,2023-03-10
30,44,Male,Ahmedabad,2023-12-13
31,59,Male,Bangalore,2024-02-27
32,45,Male,Bangalore,2023-06-23
33,33,Female,Delhi,2023-04-25
34,32,Female,Bangalore,2023-08-08
35,64,Male,Ahmedabad,2023-01-31
36,61,Male,Delhi,2024-06-06
37,20,Female,Mumbai,2023-12-09
38,54,Female,Bangalore,2024-01-12
39,24,Male,Delhi,2023-05-10
40,38,Female,Ahmedabad,2024-06-22
41,26,Female,Pune,2023-01-02
42,56,Female,Pune,2023-04-11
43,35,Female,Ahmedabad,2024-06-16
44,21,Male,Ahmedabad,2023-02-27
45,42,Female,Pune,2024-01-24
46,31,Female,Delhi,2023-12-07
47,26,Male,Pune,2023-01-20
48,43,Male,Ahmedabad,2023-09-12
49,19,Female,Bangalore,2023-11-13
50,37,Female,Mumbai,2023-02-07
51,45,Female,Bangalore,2024-06-20
52,64,Female,Bangalore,2024-01-21
53,24,Male,Ahmedabad,2023-01-26
54,61,Male,Pune,2024-03-29
55,25,Male,Delhi,2023-11-19
56,64,Female,Bangalore,2024-05-27
57,52,Female,Pune,2023-01-13
58,31,Female,Delhi,2024-07-13
59,34,Female,Bangalore,2024-01-06
60,53,Male,Delhi,2023-10-18
61,57,Male,Pune,2023-11-28
62,21,Female,Mumbai,2023-09-18
63,19,Male,Pune,2023-07-24
64,23,Female,Ahmedabad,2024-01-22
65,59,Female,Delhi,2024-04-12
66,21,Male,Mumbai,2024-02-19
67,46,Female,Delhi,2023-03-10
68,35,Female,Delhi,2024-04-16
69,43,Male,Bangalore,2023-04-14
70,61,Female,Ahmedabad,2023-06-10
71,51,Female,Delhi,2023-07-19
72,27,Male,Pune,2023-08-04
73,53,Female,Pune,2023-07-31
74,31,Male,Bangalore,2024-05-22
75,48,Female,Ahmedabad,2023-01-16
76,32,Male,Ahmedabad,2024-05-12
77,25,Male,Pune,2023-11-28
78,31,Male,Mumbai,2024-07-04
79,40,Female,Bangalore,2023-09-13
80,57,Male,Bangalore,2023-06-21
81,38,Male,Pune,2024-05-12
82,33,Male,Pune,2024-04-15
83,62,Male,Mumbai,2024-01-19
84,35,Male,Mumbai,2024-08-11
85,64,Female,Ahmedabad,2024-05-21
86,41,Female,Bangalore,2024-06-10
87,43,Female,Bangalore,2023-11-21
88,42,Female,Pune,2023-08-02
89,62,Female,Ahmedabad,2023-07-27
90,58,Female,Bangalore,2023-06-18
91,46,Female,Ahmedabad,2023-11-26
92,32,Male,Ahmedabad,2023-10-07
93,62,Female,Pune,2023-11-01
94,18,Male,Ahmedabad,2023-05-26
95,42,Male,Mumbai,2024-05-30
96,24,Female,Mumbai,2023-03-31
97,26,Male,Delhi,2024-03-28
98,41,Male,Pune,2023-03-01
99,18,Male,Delhi,2023-11-07
100,61,Male,Mumbai,2024-06-11
101,25,Female,Delhi,2023-08-15
102,41,Female,Pune,2024-04-18
103,28,Female,Pune,2024-06-24
104,34,Female,Ahmedabad,2023-03-20
105,25,Female,Bangalore,2024-03-08
106,52,Female,Ahmedabad,2023-06-02
107,52,Female,Pune,2024-02-05
108,50,Female,Mumbai,2023-10-06
109,22,Female,Mumbai,2023-02-26
110,59,Female,Ahmedabad,2023-07-05
111,56,Male,Pune,2024-02-02
112,58,Female,Mumbai,2023-06-07
113,45,Male,Pune,2023-12-25
114,24,Male,Mumbai,2024-03-15
115,26,Male,Pune,2024-08-11
116,25,Male,Delhi,2024-04-10
117,29,Female,Pune,2024-03-21
118,51,Male,Pune,2024-05-02
119,50,Female,Ahmedabad,2024-06-13
120,40,Female,Delhi,2023-03-14
121,41,Male,Bangalore,2023-01-17
122,54,Female,Ahmedabad,2024-06-14
123,52,Male,Bangalore,2023-11-22
124,61,Male,Mumbai,2024-06-29
125,57,Female,Bangalore,2024-08-18
126,39,Female,Pune,2023-07-21
127,44,Male,Bangalore,2023-12-10
128,52,Female,Ahmedabad,2024-06-06
129,18,Female,Ahmedabad,2024-02-04
130,52,Female,Bangalore,2023-08-06
131,54,Male,Ahmedabad,2024-03-20
132,64,Male,Ahmedabad,2023-08-10
133,31,Female,Bangalore,2024-01-18
134,20,Female,Delhi,2024-08-14
135,18,Female,Delhi,2023-01-07
136,22,Female,Mumbai,2023-09-29
137,43,Female,Ahmedabad,2023-01-16
138,31,Male,Bangalore,2024-02-28
139,56,Female,Ahmedabad,2024-06-07
140,44,Male,Pune,2023-01-21
141,26,Female,Ahmedabad,2023-08-16
142,32,Male,Ahmedabad,2023-10-15
143,32,Female,Delhi,2023-05-14
144,43,Male,Bangalore,2023-10-10
145,59,Female,Ahmedabad,2024-02-08
146,30,Male,Delhi,2023-03-07
147,49,Male,Mumbai,2024-03-12
148,56,Male,Delhi,2023-09-16
149,49,Male,Delhi,2023-04-13
150,21,Male,Delhi,2024-07-20
151,47,Male,Ahmedabad,2023-04-11
152,54,Female,Ahmedabad,2023-07-17
153,40,Male,Mumbai,2023-08-14
154,56,Female,Pune,2024-04-07
155,62,Female,Pune,2023-08-25
156,32,Female,Pune,2023-01-26
157,60,Female,Mumbai,2023-05-01
158,46,Female,Pune,2024-05-20
159,53,Male,Pune,2023-07-01
160,30,Male,Delhi,2024-06-26
161,49,Male,Ahmedabad,2023-11-11
162,24,Female,Ahmedabad,2023-09-30
163,39,Male,Delhi,2023-08-20
164,45,Male,Delhi,2024-02-24
165,19,Male,Delhi,2024-03-17
166,59,Male,Ahmedabad,2024-05-10
167,62,Male,Pune,2023-01-24
168,23,Female,Delhi,2023-04-19
169,45,Male,Mumbai,2024-05-16
170,45,Female,Delhi,2023-01-25
171,61,Female,Bangalore,2023-07-06
172,61,Female,Delhi,2023-10-15
173,37,Female,Ahmedabad,2023-12-04
174,47,Female,Delhi,2023-02-06
175,28,Male,Bangalore,2023-05-17
176,45,Male,Mumbai,2024-05-22
177,42,Male,Pune,2023-08-15
178,56,Female,Delhi,2023-11-16
179,50,Male,Bangalore,2023-07-01
180,18,Male,Bangalore,2023-03-27
181,44,Female,Mumbai,2024-04-11
182,30,Female,Ahmedabad,2023-02-22
183,58,Female,Delhi,2023-08-23
184,20,Female,Bangalore,2024-03-08
185,56,Male,Mumbai,2024-05-10
186,23,Female,Pune,2023-04-10
187,25,Female,Bangalore,2024-08-21
188,44,Male,Mumbai,2024-02-07
189,26,Male,Ahmedabad,2024-01-31
190,54,Female,Ahmedabad,2024-06-10
191,50,Male,Bangalore,2024-02-19
192,59,Female,Bangalore,2024-04-07
193,61,Female,Delhi,2024-06-24
194,41,Male,Mumbai,2023-12-30
195,32,Male,Bangalore,2023-05-10
196,49,Female,Delhi,2023-03-25
197,49,Female,Delhi,2023-09-28
198,41,Female,Bangalore,2023-09-01
199,58,Male,Ahmedabad,2024-01-23
200,29,Female,Mumbai,2023-08-02
201,56,Female,Mumbai,2023-06-15
202,19,Female,Ahmedabad,2023-02-28
203,20,Female,Bangalore,2024-05-18
204,54,Female,Mumbai,2023-05-03
205,34,Male,Bangalore,2024-02-17
206,19,Female,Bangalore,2023-05-19
207,19,Female,Delhi,2023-08-17
208,45,Female,Ahmedabad,2023-10-01
209,40,Female,Bangalore,2024-03-14
210,54,Male,Pune,2024-07-15
211,49,Male,Ahmedabad,2023-04-28
212,50,Male,Mumbai,2024-04-27
213,18,Female,Delhi,2024-01-30
214,36,Female,Mumbai,2024-04-04
215,19,Male,Mumbai,2023-03-19
216,61,Male,Ahmedabad,2024-02-16
217,43,Male,Mumbai,2023-03-16
218,49,Female,Bangalore,2023-10-22
219,23,Female,Mumbai,2023-01-21
220,49,Male,Delhi,2023-06-20
221,21,Male,Delhi,2023-01-15
222,28,Male,Pune,2023-07-30
223,34,Female,Delhi,2024-07-13
224,55,Female,Mumbai,2023-03-27
225,41,Female,Delhi,2023-05-29
226,22,Male,Ahmedabad,2024-01-07
227,51,Male,Delhi,2024-04-24
228,23,Female,Bangalore,2023-05-31
229,39,Male,Ahmedabad,2023-05-21
230,28,Female,Pune,2023-03-10
231,33,Male,Bangalore,2023-09-17
232,50,Male,Mumbai,2024-06-04
233,26,Male,Mumbai,2024-01-06
234,23,Male,Mumbai,2024-02-23
235,33,Female,Bangalore,2023-04-11
236,46,Male,Bangalore,2023-08-31
237,20,Female,Bangalore,2024-05-26
238,37,Female,Ahmedabad,2024-07-08
239,53,Female,Ahmedabad,2023-04-05
240,36,Male,Mumbai,2023-08-14
241,43,Female,Delhi,2024-06-01
242,20,Female,Mumbai,2023-08-02
243,36,Female,Pune,2023-03-08
244,37,Male,Ahmedabad,2024-01-31
245,49,Male,Bangalore,2023-01-12
246,24,Female,Ahmedabad,2023-08-25
247,58,Male,Bangalore,2024-02-03
248,50,Female,Pune,2024-02-11
249,57,Female,Pune,2024-04-24
250,56,Male,Ahmedabad,2023-08-10
251,35,Female,Bangalore,2023-06-05
252,57,Male,Pune,2024-03-03
253,18,Male,Mumbai,2023-06-07
254,28,Female,Mumbai,2024-02-20
255,45,Male,Bangalore,2023-11-22
256,42,Male,Ahmedabad,2024-01-06
257,40,Female,Pune,2023-12-10
258,48,Female,Ahmedabad,2023-09-19
259,47,Male,Mumbai,2023-10-10
260,59,Male,Pune,2023-08-17
261,52,Female,Ahmedabad,2023-10-07
262,24,Male,Delhi,2023-10-17
263,33,Male,Bangalore,2023-02-16
264,43,Male,Bangalore,2023-08-02
265,19,Male,Delhi,2023-01-24
266,18,Male,Mumbai,2023-11-17
267,29,Male,Pune,2023-10-01
268,22,Male,Bangalore,2024-07-09
269,54,Female,Delhi,2023-11-09
270,49,Female,Delhi,2023-12-29
271,26,Female,Mumbai,2024-01-15
272,58,Female,Mumbai,2024-04-14
273,52,Female,Ahmedabad,2023-04-26
274,36,Male,Bangalore,2023-02-11
275,33,Male,Ahmedabad,2024-01-14
276,20,Male,Delhi,2023-07-25
277,37,Male,Pune,2024-04-10
278,41,Female,Pune,2023-10-07
279,50,Male,Mumbai,2023-04-28
280,41,Male,Pune,2023-08-25
281,28,Female,Pune,2023-11-05
282,25,Male,Pune,2024-03-31
283,53,Male,Delhi,2024-04-19
284,55,Female,Pune,2023-04-10
285,57,Male,Pune,2023-09-18
286,37,Male,Pune,2023-11-01
287,52,Male,Ahmedabad,2023-12-20
288,42,Male,Delhi,2023-10-13
289,52,Male,Mumbai,2023-11-24
290,42,Female,Ahmedabad,2023-04-13
291,46,Female,Bangalore,2023-03-04
292,35,Female,Delhi,2023-10-09
293,63,Female,Delhi,2024-03-16
294,35,Female,Bangalore,2023-10-20
295,19,Female,Bangalore,2023-01-07
296,52,Male,Bangalore,2023-04-02
297,33,Female,Mumbai,2023-07-09
298,58,Female,Pune,2024-04-20
299,53,Male,Delhi,2024-05-25
300,50,Male,Pune,2024-04-06
301,21,Female,Pune,2023-02-22
302,50,Male,Bangalore,2024-04-30
303,31,Female,Mumbai,2024-05-04
304,38,Male,Ahmedabad,2023-12-30
305,37,Female,Mumbai,2023-04-22
306,25,Male,Pune,2024-02-13
307,24,Male,Mumbai,2023-01-07
308,20,Female,Bangalore,2023-07-16
309,34,Female,Ahmedabad,2024-01-02
310,50,Female,Bangalore,2023-09-07
311,29,Female,Ahmedabad,2024-08-17
312,39,Female,Pune,2023-08-28
313,39,Male,Ahmedabad,2024-01-15
314,63,Female,Ahmedabad,2024-04-15
315,47,Female,Ahmedabad,2024-03-30
316,55,Male,Mumbai,2024-01-01
317,55,Male,Mumbai,2023-10-17
318,62,Female,Pune,2024-02-07
319,25,Male,Ahmedabad,2023-02-27
320,44,Male,Delhi,2024-06-04
321,44,Female,Pune,2023-10-31
322,51,Male,Ahmedabad,2023-04-25
323,38,Male,Ahmedabad,2023-07-29
324,47,Female,Mumbai,2023-02-10
325,50,Female,Pune,2023-06-22
326,45,Male,Ahmedabad,2023-08-22
327,64,Male,Ahmedabad,2024-08-12
328,50,Female,Pune,2024-02-07
329,22,Male,Delhi,2023-02-08
330,36,Male,Pune,2023-04-29
331,21,Male,Pune,2023-12-01
332,52,Female,Delhi,2023-12-02
333,34,Male,Pune,2024-06-22
334,61,Male,Ahmedabad,2023-03-15
335,45,Female,Pune,2023-07-10
336,47,Male,Delhi,2023-11-20
337,46,Male,Bangalore,2023-05-27
338,63,Female,Pune,2023-10-11
339,23,Female,Mumbai,2023-08-01
340,52,Female,Ahmedabad,2024-01-29
341,58,Female,Ahmedabad,2023-12-05
342,54,Male,Mumbai,2023-01-22
343,41,Male,Mumbai,2023-04-15
344,46,Female,Pune,2024-04-10
345,63,Female,Mumbai,2024-04-03
346,48,Male,Bangalore,2024-03-07
347,52,Female,Delhi,2023-08-09
348,50,Male,Mumbai,2024-01-14
349,38,Female,Mumbai,2023-08-10
350,49,Male,Bangalore,2023-09-15
351,40,Female,Ahmedabad,2024-01-02
352,50,Female,Ahmedabad,2023-12-15
353,20,Male,Pune,2023-08-13
354,35,Female,Bangalore,2023-08-24
355,42,Male,Delhi,2023-07-02
356,59,Male,Delhi,2024-03-19
357,48,Male,Bangalore,2023-01-06
358,20,Male,Delhi,2023-08-24
359,57,Male,Ahmedabad,2023-05-07
360,63,Female,Delhi,2023-04-14
361,41,Female,Delhi,2024-04-24
362,49,Male,Bangalore,2023-06-04
363,64,Female,Bangalore,2023-09-14
364,39,Male,Delhi,2023-08-23
365,40,Female,Mumbai,2024-05-14
366,19,Female,Bangalore,2023-10-16
367,44,Female,Pune,2024-05-24
368,59,Female,Pune,2024-07-05
369,19,Male,Ahmedabad,2024-07-22
370,43,Male,Delhi,2023-10-25
371,34,Female,Mumbai,2023-05-17
372,57,Female,Ahmedabad,2024-01-11
373,50,Male,Delhi,2023-03-28
374,26,Female,Bangalore,2024-02-23
375,60,Male,Pune,2023-07-18
376,56,Male,Mumbai,2024-04-07
377,46,Male,Pune,2024-03-12
378,59,Female,Bangalore,2023-11-06
379,43,Male,Delhi,2024-08-18
380,52,Female,Bangalore,2023-10-08
381,42,Male,Bangalore,2023-11-19
382,41,Female,Pune,2023-06-01
383,30,Female,Mumbai,2023-10-29
384,24,Female,Bangalore,2023-10-05
385,53,Male,Pune,2023-01-08
386,62,Male,Mumbai,2023-08-23
387,37,Female,Delhi,2024-07-14
388,18,Female,Delhi,2023-10-29
389,25,Female,Ahmedabad,2023-02-07
390,63,Male,Pune,2023-05-16
391,33,Male,Mumbai,2024-02-25
392,31,Male,Bangalore,2023-08-07
393,29,Male,Delhi,2023-12-14
394,40,Female,Mumbai,2024-06-29
395,32,Female,Pune,2023-03-20
396,45,Male,Ahmedabad,2023-09-30
397,51,Male,Delhi,2023-06-10
398,19,Female,Mumbai,2023-11-04
399,49,Male,Mumbai,2024-01-09
400,40,Male,Mumbai,2023-01-09
401,39,Male,Pune,2024-03-19
402,42,Male,Pune,2023-04-23
403,39,Male,Pune,2023-07-24
404,39,Male,Bangalore,2024-02-09
405,59,Female,Mumbai,2023-07-16
406,23,Male,Delhi,2023-04-25
407,32,Male,Pune,2023-05-01
408,60,Female,Pune,2023-03-06
409,54,Female,Mumbai,2023-10-03
410,50,Female,Pune,2023-08-27
411,25,Male,Bangalore,2023-10-29
412,61,Female,Bangalore,2024-01-27
413,61,Male,Pune,2024-06-05
414,22,Male,Mumbai,2024-01-04
415,56,Male,Mumbai,2023-08-21
416,21,Female,Mumbai,2023-07-14
417,23,Female,Ahmedabad,2023-01-12
418,62,Female,Pune,2023-06-26
419,49,Female,Mumbai,2023-08-05
420,47,Female,Bangalore,2023-01-11
421,64,Male,Delhi,2024-03-21
422,52,Male,Delhi,2023-06-13
423,57,Male,Mumbai,2024-07-04
424,33,Male,Delhi,2023-02-22
425,30,Female,Delhi,2023-08-06
426,59,Female,Ahmedabad,2023-12-26
427,47,Male,Bangalore,2024-01-20
428,36,Female,Bangalore,2023-02-25
429,34,Female,Ahmedabad,2023-04-28
430,36,Male,Ahmedabad,2023-09-10
431,45,Male,Delhi,2023-06-29
432,43,Female,Pune,2024-02-19
433,54,Female,Delhi,2023-08-23
434,43,Male,Ahmedabad,2023-03-21
435,40,Male,Bangalore,2023-01-22
436,26,Male,Delhi,2024-04-21
437,29,Female,Pune,2024-03-15
438,18,Male,Delhi,2024-07-23
439,18,Male,Mumbai,2023-04-03
440,64,Female,Delhi,2023-07-11
441,51,Female,Ahmedabad,2023-04-13
442,49,Female,Bangalore,2024-01-31
443,42,Female,Bangalore,2023-01-07
444,57,Female,Ahmedabad,2024-07-20
445,62,Male,Mumbai,2023-08-19
446,18,Male,Ahmedabad,2024-07-27
447,33,Female,Delhi,2023-08-28
448,56,Female,Ahmedabad,2023-03-31
449,22,Female,Ahmedabad,2023-08-20
450,39,Female,Mumbai,2024-04-01
451,46,Female,Delhi,2023-08-21
452,20,Male,Pune,2023-12-20
453,29,Male,Pune,2023-11-29
454,43,Male,Bangalore,2024-03-14
455,33,Male,Ahmedabad,2024-01-10
456,54,Female,Bangalore,2023-10-19
457,39,Male,Mumbai,2023-12-11
458,46,Female,Pune,2024-03-03
459,31,Female,Ahmedabad,2023-05-10
460,45,Female,Mumbai,2023-05-21
461,22,Male,Mumbai,2024-02-19
462,64,Female,Ahmedabad,2023-04-03
463,47,Male,Mumbai,2023-10-11
464,63,Male,Ahmedabad,2023-08-11
465,22,Female,Ahmedabad,2024-04-07
466,29,Female,Delhi,2024-06-28
467,33,Female,Bangalore,2023-10-03
468,43,Male,Mumbai,2023-05-20
469,43,Female,Mumbai,2023-12-23
470,38,Male,Delhi,2023-01-23
471,56,Female,Delhi,2023-09-27
472,53,Female,Delhi,2023-11-29
473,50,Male,Pune,2023-03-26
474,47,Male,Pune,2023-01-31
475,54,Male,Pune,2023-08-28
476,40,Male,Ahmedabad,2023-12-29
477,27,Male,Mumbai,2024-01-24
478,22,Male,Bangalore,2023-10-26
479,53,Female,Ahmedabad,2024-01-06
480,51,Female,Mumbai,2023-04-09
481,48,Male,Mumbai,2023-02-16
482,27,Female,Delhi,2024-02-26
483,36,Male,Delhi,2024-04-24
484,49,Female,Ahmedabad,2024-08-01
485,18,Female,Delhi,2023-03-03
486,22,Male,Mumbai,2023-04-19
487,62,Male,Delhi,2024-07-02
488,21,Male,Pune,2023-04-29
489,33,Female,Delhi,2024-08-20
490,41,Male,Mumbai,2024-01-17
491,33,Female,Ahmedabad,2024-01-27
492,19,Male,Bangalore,2023-02-21
493,45,Female,Delhi,2023-10-16
494,49,Female,Mumbai,2023-12-03
495,44,Male,Bangalore,2023-07-23
496,37,Female,Bangalore,2023-08-26
497,41,Female,Pune,2024-01-17
498,29,Male,Bangalore,2023-05-16
499,52,Female,Mumbai,2024-02-11
500,50,Male,Mumbai,2024-05-22
501,50,Male,Delhi,2023-12-28
502,60,Male,Delhi,2024-01-16
503,54,Male,Delhi,2024-07-29
504,29,Female,Bangalore,2023-09-11
505,20,Female,Bangalore,2024-04-21
506,18,Female,Pune,2023-04-24
507,50,Male,Delhi,2023-01-20
508,57,Female,Ahmedabad,2024-06-11
509,27,Female,Pune,2023-05-25
510,60,Male,Ahmedabad,2023-07-27
511,61,Male,Bangalore,2024-06-14
512,46,Female,Pune,2024-01-11
513,30,Male,Pune,2024-05-18
514,29,Male,Mumbai,2023-06-15
515,48,Male,Bangalore,2024-07-03
516,63,Male,Bangalore,2023-06-30
517,19,Female,Pune,2024-03-19
518,52,Male,Bangalore,2023-11-28
519,40,Male,Pune,2024-05-17
520,34,Male,Mumbai,2023-03-20
521,43,Male,Pune,2024-08-07
522,25,Male,Bangalore,2024-01-31
523,46,Male,Bangalore,2023-04-13
524,43,Male,Pune,2024-02-06
525,27,Male,Pune,2023-08-12
526,43,Female,Pune,2024-06-01
527,51,Male,Delhi,2023-08-24
528,58,Female,Bangalore,2024-03-02
529,24,Male,Bangalore,2023-04-26
530,21,Male,Delhi,2023-06-12
531,62,Male,Pune,2023-08-14
532,28,Male,Mumbai,2023-08-18
533,46,Female,Pune,2023-07-01
534,53,Male,Pune,2023-09-06
535,42,Male,Delhi,2023-11-14
536,38,Female,Bangalore,2023-07-29
537,53,Female,Pune,2024-01-27
538,27,Male,Bangalore,2023-04-06
539,54,Female,Ahmedabad,2023-03-27
540,26,Female,Bangalore,2024-02-19
541,41,Female,Mumbai,2024-01-29
542,52,Male,Mumbai,2024-05-15
543,52,Male,Pune,2024-08-04
544,53,Male,Bangalore,2023-05-13
545,35,Female,Pune,2023-11-10
546,56,Male,Delhi,2023-08-09
547,49,Female,Mumbai,2024-03-13
548,41,Male,Pune,2023-02-15
549,40,Male,Delhi,2023-07-11
550,49,Female,Pune,2024-06-03
551,54,Male,Bangalore,2024-01-14
552,29,Female,Bangalore,2023-11-30
553,30,Female,Bangalore,2023-02-08
554,40,Male,Bangalore,2023-10-20
555,42,Female,Ahmedabad,2023-06-11
556,52,Male,Delhi,2023-11-27
557,58,Male,Delhi,2023-04-14
558,47,Female,Bangalore,2023-06-10
559,34,Male,Ahmedabad,2023-02-23
560,37,Female,Bangalore,2023-02-03
561,42,Male,Ahmedabad,2023-08-30
562,39,Male,Bangalore,2023-04-23
563,30,Male,Mumbai,2023-11-14
564,36,Male,Mumbai,2023-01-23
565,53,Male,Pune,2024-07-11
566,29,Female,Bangalore,2023-04-28
567,58,Female,Delhi,2023-07-31
568,36,Female,Pune,2024-02-22
569,29,Female,Mumbai,2023-04-23
570,26,Female,Bangalore,2023-02-13
571,24,Female,Pune,2023-05-08
572,45,Male,Bangalore,2023-06-07
573,31,Male,Mumbai,2024-01-29
574,48,Female,Pune,2024-05-26
575,36,Female,Mumbai,2023-02-14
576,64,Male,Ahmedabad,2023-04-18
577,33,Male,Mumbai,2023-08-07
578,22,Male,Bangalore,2024-03-18
579,52,Female,Delhi,2023-11-11
580,29,Female,Mumbai,2023-06-26
581,42,Female,Delhi,2023-08-16
582,38,Male,Ahmedabad,2023-09-24
583,53,Male,Pune,2024-01-14
584,40,Female,Pune,2024-05-03
585,33,Female,Delhi,2023-10-17
586,56,Male,Pune,2023-12-23
587,62,Male,Mumbai,2023-07-23
588,59,Male,Delhi,2023-08-01
589,56,Male,Bangalore,2024-07-05
590,31,Female,Mumbai,2023-11-19
591,48,Male,Mumbai,2024-08-16
592,22,Male,Mumbai,2023-06-30
593,52,Male,Bangalore,2024-05-13
594,40,Female,Ahmedabad,2023-11-16
595,46,Female,Pune,2023-03-24
596,60,Male,Delhi,2023-10-30
597,28,Male,Ahmedabad,2023-09-19
598,35,Male,Delhi,2023-07-19
599,64,Female,Pune,2023-08-28
600,29,Female,Bangalore,2023-10-22
601,26,Female,Mumbai,2024-05-26
602,27,Male,Mumbai,2024-01-31
603,61,Female,Bangalore,2023-05-18
604,34,Male,Ahmedabad,2023-05-09
605,55,Male,Ahmedabad,2023-02-18
606,24,Male,Delhi,2023-10-20
607,63,Female,Bangalore,2024-06-19
608,30,Male,Ahmedabad,2023-11-07
609,57,Female,Bangalore,2024-06-20
610,59,Female,Pune,2023-08-22
611,26,Male,Mumbai,2023-07-28
612,44,Male,Mumbai,2023-04-04
613,19,Female,Mumbai,2023-11-23
614,22,Male,Bangalore,2023-08-13
615,46,Female,Bangalore,2023-01-11
616,54,Male,Delhi,2023-11-25
617,55,Female,Mumbai,2023-01-12
618,36,Female,Delhi,2023-02-04
619,25,Female,Mumbai,2024-03-22
620,62,Female,Delhi,2024-03-27
621,18,Male,Delhi,2023-08-08
622,39,Male,Pune,2024-03-16
623,34,Female,Delhi,2024-06-18
624,24,Female,Bangalore,2024-08-17
625,42,Male,Delhi,2023-08-17
626,62,Male,Mumbai,2023-12-10
627,21,Male,Delhi,2023-03-21
628,53,Male,Ahmedabad,2023-12-19
629,23,Male,Mumbai,2024-01-31
630,48,Male,Ahmedabad,2023-10-17
631,36,Female,Mumbai,2024-03-30
632,61,Male,Bangalore,2023-05-08
633,56,Male,Bangalore,2024-06-26
634,44,Female,Bangalore,2023-12-25
635,27,Male,Ahmedabad,2024-06-10
636,43,Male,Pune,2023-11-09
637,36,Male,Mumbai,2023-03-16
638,56,Male,Bangalore,2024-06-29
639,20,Male,Mumbai,2023-07-15
640,62,Female,Ahmedabad,2023-01-29
641,30,Male,Pune,2023-01-16
642,45,Female,Ahmedabad,2024-02-27
643,37,Female,Mumbai,2024-08-11
644,45,Male,Pune,2024-08-15
645,25,Female,Pune,2024-02-09
646,58,Male,Ahmedabad,2024-06-14
647,56,Female,Bangalore,2023-03-18
648,18,Female,Mumbai,2023-08-17
649,20,Male,Delhi,2023-10-24
650,30,Male,Delhi,2024-05-24
651,45,Male,Ahmedabad,2024-07-26
652,42,Male,Mumbai,2024-06-21
653,50,Male,Mumbai,2024-08-05
654,55,Female,Ahmedabad,2023-11-22
655,23,Female,Mumbai,2023-12-29
656,61,Female,Bangalore,2023-12-25
657,62,Female,Ahmedabad,2023-11-20
658,49,Female,Bangalore,2023-11-22
659,62,Female,Mumbai,2023-06-14
660,64,Female,Ahmedabad,2024-07-26
661,38,Male,Mumbai,2024-03-30
662,33,Male,Ahmedabad,2023-06-02
663,38,Female,Mumbai,2023-05-07
664,28,Female,Bangalore,2023-07-12
665,54,Male,Bangalore,2024-06-13
666,53,Male,Mumbai,2023-01-10
667,52,Male,Ahmedabad,2023-04-02
668,36,Male,Delhi,2023-05-19
669,37,Female,Bangalore,2024-04-25
670,35,Male,Bangalore,2024-03-24
671,64,Female,Delhi,2023-11-29
672,58,Female,Mumbai,2023-12-06
673,31,Female,Ahmedabad,2023-02-21
674,32,Male,Mumbai,2024-04-10
675,48,Male,Pune,2024-04-19
676,18,Female,Bangalore,2024-02-05
677,20,Female,Pune,2024-03-14
678,33,Female,Bangalore,2024-08-20
679,40,Male,Bangalore,2024-05-23
680,28,Female,Pune,2023-06-02
681,29,Male,Pune,2024-05-28
682,27,Female,Mumbai,2024-05-17
683,49,Female,Pune,2023-01-06
684,33,Female,Mumbai,2024-05-14
685,25,Male,Mumbai,2023-04-28
686,55,Male,Mumbai,2024-04-29
687,29,Female,Bangalore,2024-04-12
688,41,Male,Bangalore,2023-06-10
689,45,Female,Pune,2023-09-27
690,25,Male,Bangalore,2023-02-25
691,45,Male,Pune,2023-08-16
692,53,Male,Bangalore,2023-05-29
693,43,Female,Ahmedabad,2023-02-15
694,25,Male,Ahmedabad,2023-05-24
695,45,Male,Pune,2023-12-06
696,45,Female,Bangalore,2024-02-17
697,54,Female,Bangalore,2024-06-03
698,58,Female,Mumbai,2023-12-10
699,53,Female,Delhi,2024-01-22
700,44,Male,Pune,2024-04-17
701,34,Male,Delhi,2023-10-02
702,26,Male,Delhi,2023-12-19
703,50,Male,Pune,2023-03-07
704,37,Male,Bangalore,2023-03-20
705,30,Female,Pune,2024-08-20
706,45,Male,Delhi,2023-07-21
707,46,Male,Bangalore,2024-07-11
708,30,Male,Ahmedabad,2023-04-23
709,63,Female,Pune,2023-04-01
710,52,Female,Pune,2023-05-21
711,23,Male,Bangalore,2023-10-16
712,35,Female,Ahmedabad,2024-08-11
713,22,Female,Ahmedabad,2024-02-15
714,64,Female,Bangalore,2024-01-12
715,42,Female,Mumbai,2024-01-19
716,19,Female,Pune,2023-06-01
717,27,Female,Pune,2023-11-15
718,47,Female,Delhi,2024-01-04
719,62,Male,Bangalore,2024-07-13
720,22,Male,Delhi,2024-04-06
721,50,Female,Delhi,2023-01-12
722,18,Male,Ahmedabad,2023-06-05
723,35,Male,Pune,2024-04-21
724,49,Female,Delhi,2024-02-05
725,64,Male,Ahmedabad,2023-06-26
726,28,Female,Bangalore,2023-12-07
727,38,Female,Delhi,2023-02-26
728,43,Female,Pune,2024-03-23
729,42,Male,Delhi,2023-07-22
730,39,Male,Bangalore,2023-07-21
731,44,Male,Delhi,2023-11-26
732,30,Male,Pune,2023-12-29
733,50,Female,Ahmedabad,2024-03-29
734,51,Female,Pune,2023-12-22
735,58,Male,Ahmedabad,2023-08-04
736,52,Female,Mumbai,2024-07-08
737,18,Female,Pune,2023-01-23
738,38,Male,Pune,2023-06-04
739,23,Female,Bangalore,2023-07-05
740,45,Male,Delhi,2023-09-06
741,34,Female,Ahmedabad,2023-05-14
742,22,Male,Ahmedabad,2023-11-17
743,48,Female,Bangalore,2024-01-25
744,22,Female,Bangalore,2024-03-09
745,55,Male,Delhi,2023-01-22
746,20,Male,Delhi,2024-08-22
747,40,Male,Pune,2023-05-05
748,54,Male,Mumbai,2023-03-20
749,54,Female,Delhi,2023-02-20
750,27,Female,Bangalore,2023-06-25
751,27,Male,Delhi,2023-09-10
752,36,Female,Ahmedabad,2023-09-03
753,34,Male,Mumbai,2023-04-16
754,38,Male,Pune,2023-07-12
755,31,Female,Ahmedabad,2023-11-12
756,26,Female,Ahmedabad,2023-10-29
757,63,Male,Mumbai,2024-07-01
758,18,Male,Pune,2023-09-25
759,62,Male,Bangalore,2023-06-19
760,30,Female,Pune,2024-07-04
761,21,Female,Delhi,2024-03-30
762,18,Female,Ahmedabad,2023-10-19
763,57,Female,Delhi,2024-07-17
764,49,Male,Bangalore,2023-05-21
765,51,Male,Delhi,2023-05-26
766,45,Male,Pune,2024-02-29
767,48,Male,Delhi,2023-11-10
768,25,Male,Bangalore,2023-07-03
769,56,Male,Bangalore,2023-05-08
770,43,Female,Bangalore,2023-10-14
771,51,Female,Pune,2023-09-10
772,20,Male,Bangalore,2024-01-21
773,29,Male,Ahmedabad,2023-08-18
774,18,Female,Bangalore,2023-09-28
775,61,Female,Delhi,2024-02-19
776,22,Female,Delhi,2023-07-17
777,47,Female,Delhi,2023-11-19
778,47,Male,Pune,2023-02-25
779,34,Male,Delhi,2023-07-22
780,64,Male,Pune,2023-05-18
781,40,Male,Pune,2024-02-26
782,32,Male,Bangalore,2023-02-26
783,54,Female,Ahmedabad,2024-07-15
784,38,Male,Bangalore,2023-03-12
785,31,Female,Bangalore,2024-08-16
786,19,Male,Pune,2024-01-07
787,28,Male,Pune,2024-08-22
788,56,Male,Delhi,2024-05-28
789,55,Male,Delhi,2023-03-25
790,51,Male,Bangalore,2023-02-12
791,55,Female,Mumbai,2023-05-13
792,51,Female,Mumbai,2024-01-30
793,35,Female,Delhi,2023-03-06
794,47,Male,Mumbai,2023-10-17
795,32,Male,Delhi,2024-01-11
796,44,Female,Pune,2024-04-11
797,51,Male,Bangalore,2023-08-01
798,55,Male,Ahmedabad,2023-05-28
799,50,Female,Bangalore,2024-07-26
800,41,Male,Delhi,2024-04-15
801,32,Female,Delhi,2023-05-29
802,47,Male,Bangalore,2023-03-29
803,59,Female,Delhi,2023-11-20
804,34,Male,Mumbai,2024-01-31
805,22,Male,Mumbai,2024-02-08
806,46,Female,Delhi,2023-03-23
807,21,Male,Delhi,2023-10-13
808,27,Male,Mumbai,2024-01-17
809,34,Female,Delhi,2023-09-27
810,27,Male,Delhi,2023-10-19
811,34,Female,Bangalore,2024-03-28
812,37,Male,Ahmedabad,2023-01-24
813,41,Male,Mumbai,2023-11-07
814,22,Male,Bangalore,2024-04-05
815,51,Male,Ahmedabad,2023-07-27
816,23,Female,Delhi,2024-03-13
817,19,Male,Delhi,2024-06-21
818,30,Female,Bangalore,2023-12-02
819,60,Male,Delhi,2024-02-26
820,60,Male,Pune,2023-11-17
821,28,Male,Bangalore,2024-05-11
822,64,Male,Ahmedabad,2024-08-09
823,40,Female,Bangalore,2023-06-12
824,33,Female,Mumbai,2024-06-24
825,48,Female,Bangalore,2023-06-14
826,28,Female,Delhi,2024-07-19
827,33,Male,Delhi,2023-10-22
828,25,Female,Pune,2023-02-11
829,21,Female,Pune,2023-10-12
830,57,Male,Pune,2024-01-22
831,21,Male,Ahmedabad,2023-05-18
832,42,Male,Pune,2023-07-06
833,20,Male,Ahmedabad,2024-03-06
834,49,Female,Pune,2024-07-07
835,20,Female,Ahmedabad,2024-02-20
836,44,Male,Bangalore,2024-03-01
837,46,Male,Bangalore,2024-02-20
838,49,Male,Delhi,2023-01-26
839,36,Female,Ahmedabad,2024-01-06
840,38,Female,Mumbai,2024-01-20
841,22,Male,Delhi,2023-02-25
842,35,Male,Bangalore,2023-09-10
843,45,Female,Ahmedabad,2023-04-16
844,59,Male,Pune,2023-05-10
845,39,Male,Mumbai,2024-01-11
846,38,Female,Bangalore,2023-11-04
847,23,Male,Delhi,2023-04-01
848,18,Female,Ahmedabad,2024-01-28
849,22,Male,Mumbai,2024-06-17
850,58,Male,Ahmedabad,2023-04-20
851,29,Female,Pune,2024-07-14
852,43,Female,Delhi,2024-08-07
853,63,Male,Ahmedabad,2023-12-06
854,51,Female,Bangalore,2024-07-18
855,31,Male,Delhi,2023-12-22
856,43,Male,Bangalore,2023-06-17
857,62,Female,Ahmedabad,2024-07-10
858,44,Male,Delhi,2024-03-27
859,26,Male,Bangalore,2023-04-15
860,43,Female,Pune,2023-05-30
861,64,Female,Pune,2023-05-26
862,39,Male,Ahmedabad,2023-10-26
863,64,Female,Delhi,2023-06-16
864,47,Female,Mumbai,2023-02-17
865,60,Female,Delhi,2023-08-27
866,34,Female,Pune,2023-01-07
867,43,Male,Bangalore,2024-04-08
868,53,Male,Mumbai,2024-03-28
869,18,Male,Ahmedabad,2024-01-06
870,25,Female,Mumbai,2024-07-02
871,52,Female,Ahmedabad,2024-05-01
872,32,Female,Mumbai,2023-07-30
873,64,Female,Ahmedabad,2023-06-14
874,39,Female,Ahmedabad,2023-05-05
875,31,Female,Mumbai,2023-12-03
876,43,Female,Mumbai,2023-07-11
877,45,Male,Ahmedabad,2023-08-02
878,40,Male,Pune,2024-07-27
879,31,Female,Mumbai,2023-11-24
880,41,Female,Delhi,2024-01-16
881,19,Female,Bangalore,2024-07-31
882,62,Male,Ahmedabad,2023-08-27
883,43,Male,Ahmedabad,2024-06-15
884,31,Female,Bangalore,2023-03-23
885,24,Female,Pune,2023-12-29
886,20,Male,Bangalore,2024-05-19
887,64,Male,Mumbai,2023-07-21
888,40,Male,Bangalore,2024-05-18
889,63,Male,Ahmedabad,2023-02-06
890,60,Female,Bangalore,2024-08-11
891,64,Male,Delhi,2024-02-06
892,62,Male,Mumbai,2023-06-25
893,35,Female,Bangalore,2024-06-28
894,55,Male,Ahmedabad,2024-07-23
895,52,Male,Mumbai,2024-04-11
896,32,Male,Ahmedabad,2023-07-20
897,42,Female,Pune,2024-06-23
898,54,Male,Delhi,2024-06-30
899,45,Female,Pune,2024-01-29
900,27,Female,Delhi,2023-02-11
901,56,Male,Bangalore,2024-08-19
902,34,Male,Mumbai,2024-01-28
903,56,Male,Bangalore,2024-03-16
904,39,Male,Delhi,2024-05-20
905,43,Female,Delhi,2023-11-16
906,61,Male,Delhi,2024-07-06
907,42,Male,Ahmedabad,2023-08-03
908,34,Male,Mumbai,2023-03-12
909,30,Female,Bangalore,2024-07-21
910,37,Male,Bangalore,2023-08-24
911,42,Male,Pune,2023-10-08
912,21,Female,Delhi,2023-06-11
913,27,Female,Delhi,2023-07-10
914,20,Male,Delhi,2023-01-09
915,58,Male,Bangalore,2023-03-01
916,62,Male,Pune,2023-08-13
917,35,Male,Ahmedabad,2024-08-04
918,64,Male,Mumbai,2023-10-14
919,53,Female,Ahmedabad,2023-06-18
920,64,Female,Bangalore,2023-03-03
921,39,Male,Delhi,2023-12-15
922,51,Male,Mumbai,2024-03-17
923,64,Female,Bangalore,2023-01-14
924,25,Male,Bangalore,2023-06-13
925,57,Male,Bangalore,2024-02-24
926,61,Male,Mumbai,2024-06-03
927,36,Male,Mumbai,2024-07-01
928,59,Male,Pune,2024-07-13
929,58,Female,Pune,2024-08-19
930,54,Male,Ahmedabad,2023-01-28
931,23,Male,Mumbai,2024-03-21
932,43,Male,Mumbai,2023-07-27
933,51,Female,Mumbai,2024-04-14
934,62,Female,Pune,2023-04-14
935,23,Female,Bangalore,2024-03-01
936,54,Female,Delhi,2023-04-11
937,50,Male,Pune,2024-06-24
938,39,Female,Mumbai,2024-06-05
939,38,Male,Pune,2023-04-16
940,23,Male,Ahmedabad,2023-10-04
941,23,Female,Mumbai,2023-03-06
942,21,Female,Ahmedabad,2023-07-07
943,47,Female,Mumbai,2023-11-13
944,28,Female,Pune,2023-05-18
945,47,Female,Bangalore,2023-12-09
946,48,Male,Delhi,2023-04-15
947,41,Female,Ahmedabad,2024-06-29
948,26,Female,Pune,2024-01-15
949,20,Female,Bangalore,2023-04-20
950,48,Male,Pune,2024-06-28
951,57,Female,Ahmedabad,2023-12-20
952,54,Male,Delhi,2023-11-13
953,53,Female,Pune,2023-09-23
954,41,Female,Mumbai,2023-03-06
955,48,Male,Bangalore,2023-11-29
956,23,Female,Pune,2024-05-27
957,19,Male,Bangalore,2023-05-13
958,37,Male,Mumbai,2024-08-14
959,45,Male,Delhi,2024-06-23
960,28,Female,Delhi,2024-06-18
961,21,Female,Mumbai,2024-05-10
962,32,Female,Bangalore,2024-01-04
963,23,Male,Pune,2023-04-09
964,47,Female,Mumbai,2023-11-13
965,55,Male,Ahmedabad,2023-05-03
966,19,Female,Bangalore,2023-11-16
967,32,Male,Delhi,2024-08-15
968,28,Male,Mumbai,2024-05-09
969,25,Male,Delhi,2024-04-01
970,43,Female,Bangalore,2024-06-05
971,62,Male,Delhi,2024-06-03
972,61,Male,Mumbai,2023-11-11
973,22,Male,Bangalore,2024-06-25
974,23,Male,Ahmedabad,2024-04-23
975,43,Male,Mumbai,2023-01-20
976,21,Male,Pune,2024-07-13
977,36,Female,Mumbai,2023-05-10
978,37,Female,Bangalore,2023-10-20
979,50,Male,Mumbai,2023-05-12
980,37,Female,Ahmedabad,2023-12-22
981,29,Female,Ahmedabad,2023-02-23
982,64,Male,Pune,2024-01-22
983,18,Male,Delhi,2023-09-22
984,43,Male,Bangalore,2023-08-03
985,31,Female,Bangalore,2024-04-04
986,55,Male,Delhi,2024-04-02
987,54,Female,Ahmedabad,2023-02-12
988,28,Male,Ahmedabad,2024-08-08
989,53,Female,Mumbai,2023-10-05
990,30,Male,Pune,2023-05-10
991,60,Male,Pune,2023-12-16
992,20,Female,Pune,2024-06-27
993,50,Female,Mumbai,2023-04-16
994,23,Female,Pune,2023-01-01
995,27,Female,Delhi,2024-08-06
996,22,Female,Mumbai,2024-03-07
997,40,Female,Delhi,2023-11-02
998,27,Male,Mumbai,2024-06-10
999,61,Female,Pune,2023-02-22
1000,19,Male,Delhi,2024-06-03
1001,30,Male,Delhi,2023-11-26
1002,57,Female,Delhi,2024-07-11
1003,19,Male,Mumbai,2023-11-21
1004,37,Female,Bangalore,2023-04-24
1005,18,Female,Pune,2023-05-27
1006,54,Male,Delhi,2023-06-15
1007,26,Male,Bangalore,2024-01-14
1008,34,Female,Pune,2023-05-19
1009,26,Female,Pune,2023-10-26
1010,28,Male,Delhi,2023-10-03
1011,32,Male,Delhi,2023-06-27
1012,41,Male,Mumbai,2023-12-20
1013,55,Male,Bangalore,2023-06-03
1014,52,Female,Bangalore,2023-07-20
1015,47,Female,Delhi,2023-04-25
1016,48,Female,Pune,2024-07-07
1017,22,Female,Delhi,2023-03-09
1018,61,Male,Pune,2024-03-20
1019,31,Male,Pune,2024-03-20
1020,28,Female,Delhi,2023-11-22
1021,26,Female,Ahmedabad,2023-12-25
1022,51,Female,Bangalore,2023-05-25
1023,29,Female,Pune,2023-10-02
1024,52,Female,Pune,2024-05-23
1025,52,Female,Ahmedabad,2023-06-28
1026,18,Female,Mumbai,2024-04-21
1027,57,Female,Ahmedabad,2024-02-18
1028,39,Female,Ahmedabad,2023-06-02
1029,46,Male,Pune,2023-04-14
1030,25,Female,Bangalore,2023-03-16
1031,28,Male,Ahmedabad,2023-05-08
1032,58,Male,Mumbai,2024-07-21
1033,54,Female,Delhi,2023-12-11
1034,31,Female,Ahmedabad,2024-06-14
1035,47,Male,Ahmedabad,2023-06-08
1036,52,Male,Mumbai,2024-06-21
1037,38,Female,Bangalore,2024-03-01
1038,54,Male,Ahmedabad,2023-01-23
1039,22,Female,Ahmedabad,2023-02-16
1040,36,Female,Bangalore,2024-06-08
1041,31,Female,Mumbai,2023-05-24
1042,43,Male,Ahmedabad,2024-08-07
1043,21,Male,Bangalore,2024-08-11
1044,42,Female,Ahmedabad,2024-02-23
1045,62,Male,Delhi,2023-03-26
1046,59,Male,Pune,2024-02-20
1047,42,Male,Delhi,2024-04-26
1048,35,Male,Ahmedabad,2024-03-31
1049,57,Male,Mumbai,2023-10-24
1050,25,Male,Pune,2023-04-22
1051,56,Male,Delhi,2023-08-18
1052,57,Female,Bangalore,2023-04-06
1053,31,Male,Mumbai,2024-01-13
1054,49,Male,Delhi,2023-06-05
1055,55,Male,Bangalore,2024-02-25
1056,50,Male,Ahmedabad,2023-04-15
1057,40,Male,Bangalore,2023-11-26
1058,32,Male,Delhi,2024-03-14
1059,50,Male,Delhi,2023-05-12
1060,42,Male,Ahmedabad,2024-01-17
1061,34,Female,Bangalore,2023-05-18
1062,50,Male,Bangalore,2023-09-27
1063,64,Male,Ahmedabad,2024-07-03
1064,19,Male,Bangalore,2024-01-31
1065,31,Male,Ahmedabad,2024-07-10
1066,57,Female,Mumbai,2024-04-08
1067,57,Female,Delhi,2024-03-25
1068,56,Female,Mumbai,2023-11-27
1069,23,Female,Pune,2023-09-10
1070,23,Female,Pune,2023-10-12
1071,20,Female,Pune,2023-10-01
1072,24,Female,Ahmedabad,2023-01-20
1073,25,Female,Bangalore,2023-08-27
1074,59,Female,Mumbai,2023-09-27
1075,32,Female,Mumbai,2024-02-22
1076,64,Female,Mumbai,2023-11-06
1077,46,Female,Mumbai,2023-01-31
1078,50,Female,Pune,2023-04-14
1079,47,Female,Mumbai,2023-07-05
1080,56,Female,Bangalore,2023-05-08
1081,44,Female,Pune,2023-07-29
1082,53,Male,Mumbai,2024-02-18
1083,46,Female,Ahmedabad,2023-10-08
1084,55,Male,Delhi,2023-09-10
1085,50,Female,Delhi,2023-01-19
1086,54,Female,Delhi,2023-05-16
1087,44,Male,Pune,2023-08-11
1088,50,Female,Mumbai,2023-01-03
1089,21,Male,Pune,2023-08-24
1090,39,Male,Bangalore,2024-04-09
1091,19,Male,Ahmedabad,2023-08-16
1092,27,Female,Ahmedabad,2024-05-13
1093,22,Female,Delhi,2024-06-04
1094,27,Female,Delhi,2023-05-19
1095,50,Male,Delhi,2023-10-03
1096,55,Male,Mumbai,2023-10-18
1097,30,Female,Bangalore,2023-02-22
1098,48,Female,Bangalore,2023-04-20
1099,64,Female,Bangalore,2023-01-04
1100,53,Female,Bangalore,2023-02-16
1101,62,Female,Delhi,2023-04-04
1102,41,Male,Ahmedabad,2024-07-13
1103,32,Male,Delhi,2023-08-01
1104,46,Male,Bangalore,2024-03-11
1105,25,Female,Delhi,2024-05-22
1106,22,Male,Bangalore,2023-07-24
1107,46,Male,Pune,2024-01-16
1108,64,Male,Ahmedabad,2023-03-14
1109,21,Male,Pune,2024-05-30
1110,29,Male,Mumbai,2023-03-17
1111,62,Female,Delhi,2023-03-18
1112,19,Male,Mumbai,2024-02-14
1113,44,Female,Delhi,2023-04-16
1114,48,Female,Pune,2024-07-04
1115,53,Female,Bangalore,2024-04-20
1116,53,Female,Bangalore,2023-10-02
1117,43,Female,Delhi,2023-03-29
1118,60,Male,Bangalore,2023-03-18
1119,44,Male,Pune,2023-03-18
1120,22,Female,Bangalore,2024-03-17
1121,37,Female,Pune,2024-06-23
1122,28,Female,Mumbai,2023-09-02
1123,27,Male,Pune,2024-07-31
1124,57,Female,Ahmedabad,2024-01-17
1125,55,Male,Ahmedabad,2024-07-23
1126,23,Female,Ahmedabad,2023-05-22
1127,25,Male,Delhi,2024-01-03
1128,40,Female,Delhi,2023-03-25
1129,64,Male,Delhi,2023-05-23
1130,43,Female,Pune,2023-12-18
1131,63,Male,Delhi,2024-06-28
1132,60,Male,Mumbai,2023-06-01
1133,29,Male,Ahmedabad,2023-06-07
1134,43,Male,Pune,2024-03-21
1135,30,Male,Ahmedabad,2023-10-30
1136,57,Male,Delhi,2024-03-25
1137,35,Male,Pune,2023-08-12
1138,42,Female,Bangalore,2023-02-12
1139,50,Female,Mumbai,2023-09-21
1140,64,Female,Delhi,2023-01-03
1141,57,Female,Delhi,2023-09-25
1142,60,Female,Mumbai,2024-08-18
1143,29,Male,Mumbai,2023-01-16
1144,61,Male,Bangalore,2023-11-30
1145,53,Male,Delhi,2024-04-08
1146,21,Male,Delhi,2023-02-28
1147,22,Male,Ahmedabad,2023-06-26
1148,54,Female,Pune,2023-03-04
1149,25,Female,Pune,2024-07-14
1150,59,Female,Ahmedabad,2023-11-03
1151,45,Female,Pune,2023-09-03
1152,48,Male,Mumbai,2023-10-16
1153,26,Male,Pune,2023-11-28
1154,46,Male,Pune,2024-06-10
1155,31,Female,Ahmedabad,2023-09-12
1156,57,Male,Bangalore,2024-05-24
1157,58,Female,Pune,2024-04-07
1158,39,Male,Pune,2023-07-18
1159,28,Male,Bangalore,2023-09-28
1160,40,Female,Ahmedabad,2024-07-11
1161,18,Male,Bangalore,2023-03-05
1162,63,Male,Ahmedabad,2023-08-18
1163,54,Female,Mumbai,2023-09-06
1164,38,Male,Ahmedabad,2023-09-03
1165,43,Female,Mumbai,2024-08-09
1166,63,Male,Mumbai,2023-06-06
1167,53,Male,Ahmedabad,2024-07-17
1168,40,Male,Delhi,2023-03-29
1169,18,Male,Ahmedabad,2023-11-09
1170,57,Male,Pune,2023-03-07
1171,32,Male,Pune,2023-01-20
1172,38,Male,Delhi,2023-02-02
1173,64,Male,Mumbai,2024-07-11
1174,26,Female,Delhi,2023-03-14
1175,26,Female,Pune,2023-12-09
1176,27,Male,Delhi,2023-05-13
1177,43,Male,Ahmedabad,2023-02-24
1178,58,Female,Delhi,2023-03-02
1179,52,Male,Mumbai,2024-06-03
1180,42,Male,Ahmedabad,2023-09-29
1181,43,Female,Bangalore,2023-09-03
1182,28,Male,Pune,2023-06-25
1183,55,Male,Pune,2023-11-13
1184,19,Female,Delhi,2023-05-11
1185,24,Male,Ahmedabad,2023-04-12
1186,35,Male,Bangalore,2023-11-06
1187,44,Female,Ahmedabad,2023-10-19
1188,51,Male,Pune,2024-05-09
1189,44,Female,Ahmedabad,2023-12-27
1190,34,Male,Bangalore,2023-12-04
1191,60,Male,Delhi,2024-08-01
1192,61,Female,Mumbai,2023-01-10
1193,41,Female,Ahmedabad,2023-02-18
1194,42,Male,Mumbai,2024-05-01
1195,24,Female,Pune,2023-11-17
1196,23,Female,Delhi,2024-07-22
1197,41,Male,Delhi,2023-05-13
1198,50,Male,Ahmedabad,2024-08-05
1199,46,Male,Delhi,2023-03-24
1200,60,Female,Ahmedabad,2023-02-26
1201,39,Female,Ahmedabad,2024-01-11
1202,43,Female,Mumbai,2023-12-15
1203,45,Female,Delhi,2023-09-28
1204,38,Male,Ahmedabad,2024-04-27
1205,24,Female,Mumbai,2023-04-21
1206,34,Male,Bangalore,2023-03-17
1207,37,Female,Mumbai,2023-06-07
1208,58,Male,Mumbai,2024-06-15
1209,37,Male,Ahmedabad,2023-11-25
1210,39,Male,Pune,2023-05-02
1211,45,Female,Pune,2023-02-10
1212,57,Male,Pune,2023-06-16
1213,24,Male,Mumbai,2023-01-23
1214,18,Female,Ahmedabad,2023-10-06
1215,49,Male,Delhi,2024-04-13
1216,30,Female,Mumbai,2024-02-04
1217,47,Female,Mumbai,2023-01-09
1218,40,Male,Ahmedabad,2023-01-13
1219,36,Male,Bangalore,2023-02-21
1220,49,Female,Mumbai,2023-07-28
1221,47,Male,Bangalore,2024-07-03
1222,46,Female,Bangalore,2024-02-06
1223,62,Female,Pune,2023-07-10
1224,46,Female,Ahmedabad,2023-02-20
1225,47,Male,Bangalore,2024-01-28
1226,33,Female,Ahmedabad,2023-10-27
1227,57,Male,Pune,2023-07-15
1228,36,Male,Ahmedabad,2024-02-21
1229,35,Male,Mumbai,2024-02-24
1230,18,Male,Bangalore,2024-06-05
1231,31,Female,Ahmedabad,2023-12-22
1232,64,Male,Delhi,2023-05-28
1233,19,Female,Ahmedabad,2023-12-31
1234,45,Female,Bangalore,2023-12-30
1235,47,Male,Pune,2024-02-06
1236,55,Female,Pune,2024-05-06
1237,21,Female,Bangalore,2023-08-17
1238,18,Male,Mumbai,2024-07-28
1239,25,Female,Mumbai,2024-06-20
1240,46,Female,Pune,2023-09-25
1241,56,Female,Pune,2024-02-09
1242,20,Female,Bangalore,2023-01-11
1243,49,Male,Mumbai,2023-11-16
1244,27,Female,Pune,2023-05-06
1245,27,Female,Mumbai,2023-11-02
1246,36,Female,Pune,2024-05-25
1247,63,Female,Ahmedabad,2023-03-30
1248,51,Male,Delhi,2023-12-21
1249,50,Female,Ahmedabad,2023-12-18
1250,40,Male,Pune,2023-01-14
1251,45,Female,Delhi,2023-09-14
1252,49,Male,Delhi,2023-07-28
1253,24,Male,Pune,2023-10-08
1254,46,Male,Pune,2024-03-18
1255,25,Male,Mumbai,2024-01-24
1256,18,Male,Pune,2024-04-27
1257,20,Female,Bangalore,2023-05-27
1258,41,Female,Pune,2023-10-06
1259,40,Female,Bangalore,2024-06-04
1260,25,Male,Pune,2024-03-09
1261,64,Female,Mumbai,2023-05-24
1262,54,Male,Bangalore,2023-10-16
1263,20,Male,Ahmedabad,2024-01-21
1264,50,Female,Bangalore,2023-01-14
1265,45,Female,Mumbai,2023-09-14
1266,64,Male,Bangalore,2023-12-12
1267,25,Male,Pune,2023-12-11
1268,51,Female,Pune,2024-02-04
1269,52,Female,Mumbai,2023-07-26
1270,49,Female,Delhi,2023-06-21
1271,41,Female,Pune,2024-04-08
1272,31,Male,Ahmedabad,2023-09-27
1273,49,Female,Mumbai,2023-08-09
1274,63,Female,Bangalore,2023-06-01
1275,60,Female,Bangalore,2023-07-02
1276,33,Male,Ahmedabad,2024-02-03
1277,21,Male,Pune,2023-03-13
1278,54,Male,Mumbai,2024-02-22
1279,38,Male,Ahmedabad,2023-10-10
1280,31,Female,Pune,2023-03-15
1281,48,Male,Mumbai,2023-12-21
1282,35,Female,Bangalore,2024-05-11
1283,24,Female,Mumbai,2023-11-24
1284,27,Female,Delhi,2024-06-18
1285,24,Female,Mumbai,2024-08-02
1286,50,Male,Delhi,2024-03-22
1287,40,Male,Mumbai,2024-01-08
1288,38,Male,Delhi,2023-12-28
1289,36,Female,Bangalore,2023-04-03
1290,36,Female,Pune,2023-11-17
1291,53,Female,Delhi,2023-11-20
1292,46,Female,Delhi,2024-01-19
1293,35,Female,Bangalore,2024-07-28
1294,19,Male,Delhi,2023-12-12
1295,18,Female,Ahmedabad,2023-04-13
1296,64,Male,Bangalore,2023-08-03
1297,22,Female,Ahmedabad,2023-07-11
1298,37,Female,Bangalore,2023-07-13
1299,28,Male,Delhi,2024-01-15
1300,59,Male,Ahmedabad,2024-02-07
1301,19,Female,Delhi,2024-08-22
1302,20,Female,Bangalore,2023-01-11
1303,40,Female,Delhi,2023-07-06
1304,29,Female,Ahmedabad,2023-01-15
1305,37,Male,Ahmedabad,2023-10-24
1306,22,Female,Delhi,2024-02-15
1307,54,Male,Mumbai,2024-08-07
1308,55,Female,Bangalore,2023-02-21
1309,47,Male,Bangalore,2023-01-28
1310,26,Male,Delhi,2024-07-30
1311,51,Female,Mumbai,2023-01-17
1312,61,Male,Ahmedabad,2023-12-17
1313,52,Female,Pune,2024-03-03
1314,39,Male,Pune,2023-08-17
1315,61,Female,Delhi,2023-07-29
1316,41,Male,Mumbai,2024-03-06
1317,34,Female,Mumbai,2023-10-21
1318,27,Female,Bangalore,2024-08-04
1319,47,Male,Ahmedabad,2023-04-14
1320,63,Male,Mumbai,2023-07-23
1321,40,Male,Pune,2023-02-22
1322,49,Male,Ahmedabad,2024-01-10
1323,34,Female,Ahmedabad,2023-02-23
1324,34,Male,Delhi,2023-10-03
1325,31,Female,Mumbai,2023-12-01
1326,26,Male,Delhi,2023-01-31
1327,57,Female,Mumbai,2023-05-15
1328,19,Female,Bangalore,2023-02-27
1329,62,Female,Delhi,2023-04-15
1330,42,Female,Delhi,2023-09-23
1331,56,Male,Pune,2024-06-05
1332,26,Male,Delhi,2024-05-10
1333,39,Female,Mumbai,2023-09-10
1334,60,Male,Pune,2023-10-22
1335,63,Male,Delhi,2023-06-07
1336,21,Female,Delhi,2024-07-02
1337,43,Male,Bangalore,2023-03-08
1338,46,Male,Delhi,2023-10-26
1339,62,Male,Ahmedabad,2024-04-07
1340,51,Female,Pune,2023-04-11
1341,40,Male,Ahmedabad,2023-02-25
1342,54,Female,Pune,2023-11-28
1343,28,Male,Bangalore,2024-01-28
1344,23,Male,Delhi,2024-01-16
1345,35,Male,Delhi,2023-04-02
1346,38,Female,Delhi,2024-03-22
1347,59,Female,Pune,2023-04-19
1348,53,Male,Delhi,2023-11-13
1349,58,Female,Ahmedabad,2023-06-17
1350,55,Male,Delhi,2024-03-10
1351,51,Female,Bangalore,2024-03-17
1352,34,Female,Ahmedabad,2023-08-06
1353,54,Male,Delhi,2023-08-10
1354,42,Male,Delhi,2024-06-11
1355,55,Male,Mumbai,2023-10-05
1356,29,Male,Pune,2024-07-22
1357,40,Female,Ahmedabad,2024-07-27
1358,59,Female,Mumbai,2024-04-10
1359,39,Female,Bangalore,2024-08-06
1360,38,Male,Pune,2023-01-30
1361,44,Male,Ahmedabad,2023-12-25
1362,48,Female,Delhi,2023-10-15
1363,23,Male,Ahmedabad,2023-03-27
1364,44,Female,Delhi,2023-08-22
1365,57,Female,Pune,2023-11-09
1366,51,Female,Delhi,2023-12-31
1367,29,Female,Bangalore,2023-09-26
1368,62,Female,Delhi,2023-05-11
1369,24,Male,Bangalore,2023-12-17
1370,27,Male,Pune,2023-06-29
1371,62,Male,Pune,2024-04-24
1372,34,Female,Ahmedabad,2023-06-12
1373,43,Female,Bangalore,2023-04-06
1374,38,Female,Bangalore,2024-05-24
1375,45,Female,Mumbai,2023-12-31
1376,63,Male,Mumbai,2023-12-19
1377,19,Male,Mumbai,2024-03-11
1378,60,Female,Delhi,2023-03-24
1379,18,Female,Mumbai,2023-08-13
1380,53,Female,Bangalore,2024-02-16
1381,43,Male,Delhi,2023-04-28
1382,46,Male,Pune,2024-04-26
1383,38,Male,Ahmedabad,2023-07-11
1384,28,Female,Mumbai,2024-08-13
1385,57,Female,Pune,2024-08-12
1386,28,Male,Bangalore,2023-04-17
1387,53,Female,Ahmedabad,2024-01-17
1388,56,Male,Pune,2024-01-25
1389,57,Female,Ahmedabad,2023-09-01
1390,52,Male,Mumbai,2024-08-07
1391,51,Female,Bangalore,2024-04-12
1392,64,Male,Ahmedabad,2024-06-21
1393,41,Male,Pune,2023-07-29
1394,39,Male,Mumbai,2023-03-14
1395,22,Male,Mumbai,2023-11-05
1396,50,Male,Pune,2024-08-12
1397,53,Male,Pune,2023-07-05
1398,64,Female,Ahmedabad,2023-09-10
1399,37,Female,Delhi,2023-01-13
1400,36,Female,Mumbai,2023-10-26
1401,52,Male,Ahmedabad,2023-03-17
1402,60,Male,Pune,2023-02-20
1403,34,Female,Ahmedabad,2023-05-29
1404,62,Male,Pune,2023-05-02
1405,60,Male,Bangalore,2023-07-30
1406,51,Male,Pune,2023-10-07
1407,26,Male,Pune,2024-06-21
1408,43,Male,Pune,2023-06-05
1409,19,Female,Delhi,2023-08-26
1410,26,Female,Pune,2024-01-11
1411,26,Female,Mumbai,2023-03-23
1412,57,Female,Mumbai,2024-05-06
1413,34,Female,Ahmedabad,2023-12-22
1414,18,Male,Delhi,2023-09-30
1415,42,Male,Ahmedabad,2024-08-02
1416,60,Male,Mumbai,2023-02-13
1417,57,Male,Mumbai,2024-07-26
1418,59,Female,Bangalore,2023-05-03
1419,42,Female,Pune,2023-12-15
1420,56,Female,Mumbai,2023-11-26
1421,52,Male,Ahmedabad,2024-02-13
1422,20,Female,Ahmedabad,2023-11-19
1423,54,Male,Pune,2023-04-21
1424,61,Female,Pune,2023-03-30
1425,61,Female,Bangalore,2024-03-08
1426,47,Male,Delhi,2023-04-09
1427,55,Male,Ahmedabad,2024-06-22
1428,51,Female,Pune,2023-05-26
1429,29,Female,Ahmedabad,2023-09-14
1430,36,Male,Pune,2023-07-08
1431,54,Female,Mumbai,2023-08-28
1432,61,Female,Ahmedabad,2024-05-17
1433,34,Male,Mumbai,2023-09-28
1434,27,Female,Ahmedabad,2024-06-03
1435,64,Male,Delhi,2024-07-03
1436,29,Female,Bangalore,2023-04-24
1437,33,Male,Mumbai,2023-12-05
1438,41,Female,Pune,2024-07-21
1439,36,Male,Delhi,2023-12-25
1440,25,Female,Ahmedabad,2023-11-30
1441,48,Male,Mumbai,2023-06-18
1442,38,Female,Ahmedabad,2023-12-05
1443,34,Female,Ahmedabad,2023-09-18
1444,40,Female,Ahmedabad,2023-07-18
1445,54,Female,Bangalore,2023-07-30
1446,33,Female,Bangalore,2023-10-14
1447,23,Female,Pune,2024-04-16
1448,25,Female,Mumbai,2024-04-26
1449,42,Female,Delhi,2023-01-23
1450,35,Female,Delhi,2024-07-13
1451,42,Male,Delhi,2023-04-19
1452,29,Male,Ahmedabad,2023-10-23
1453,32,Female,Bangalore,2023-01-06
1454,43,Male,Mumbai,2024-07-03
1455,58,Female,Ahmedabad,2023-07-22
1456,62,Female,Bangalore,2023-11-21
1457,43,Male,Bangalore,2023-09-01
1458,64,Female,Mumbai,2023-11-23
1459,49,Female,Mumbai,2023-02-16
1460,27,Male,Mumbai,2024-08-13
1461,33,Male,Ahmedabad,2023-01-13
1462,24,Female,Pune,2024-01-15
1463,34,Male,Mumbai,2023-12-31
1464,40,Male,Pune,2023-12-08
1465,43,Female,Ahmedabad,2023-08-09
1466,38,Male,Pune,2023-03-14
1467,39,Male,Delhi,2023-02-15
1468,24,Female,Pune,2024-05-18
1469,31,Male,Mumbai,2023-10-01
1470,32,Male,Ahmedabad,2024-07-08
1471,24,Female,Mumbai,2023-07-27
1472,26,Female,Delhi,2023-05-04
1473,25,Female,Mumbai,2023-01-10
1474,40,Male,Mumbai,2023-11-25
1475,46,Female,Mumbai,2023-07-06
1476,35,Female,Bangalore,2024-06-26
1477,48,Male,Delhi,2023-03-01
1478,47,Female,Mumbai,2024-03-17
1479,56,Female,Mumbai,2023-08-05
1480,52,Female,Mumbai,2023-01-02
1481,35,Female,Ahmedabad,2024-06-19
1482,59,Male,Bangalore,2023-12-22
1483,56,Female,Ahmedabad,2023-06-14
1484,34,Female,Bangalore,2023-04-01
1485,31,Male,Mumbai,2023-06-16
1486,48,Female,Delhi,2023-07-26
1487,41,Male,Pune,2023-10-09
1488,52,Male,Pune,2023-03-06
1489,61,Male,Mumbai,2024-05-30
1490,62,Female,Ahmedabad,2023-06-06
1491,51,Male,Delhi,2023-11-02
1492,20,Male,Bangalore,2024-01-30
1493,54,Male,Mumbai,2023-03-15
1494,60,Female,Delhi,2023-07-06
1495,57,Female,Delhi,2024-07-27
1496,43,Female,Bangalore,2023-12-03
1497,40,Female,Delhi,2024-07-21
1498,61,Female,Ahmedabad,2023-08-28
1499,56,Female,Ahmedabad,2024-06-16
1500,32,Female,Ahmedabad,2023-05-21
1501,21,Male,Delhi,2023-09-22
1502,46,Male,Ahmedabad,2023-05-19
1503,39,Male,Bangalore,2024-04-03
1504,42,Male,Delhi,2023-03-11
1505,30,Female,Pune,2024-01-20
1506,35,Male,Delhi,2023-07-17
1507,50,Male,Bangalore,2023-07-24
1508,33,Male,Pune,2024-07-21
1509,62,Male,Delhi,2024-03-06
1510,59,Female,Ahmedabad,2023-11-21
1511,61,Female,Mumbai,2024-03-17
1512,19,Female,Mumbai,2023-10-15
1513,52,Male,Ahmedabad,2023-08-14
1514,59,Female,Mumbai,2023-03-05
1515,51,Male,Mumbai,2024-07-13
1516,47,Female,Ahmedabad,2024-05-12
1517,30,Female,Ahmedabad,2023-03-01
1518,30,Female,Delhi,2024-02-01
1519,35,Female,Delhi,2023-09-14
1520,49,Female,Ahmedabad,2024-07-30
1521,49,Male,Bangalore,2023-08-27
1522,52,Female,Mumbai,2023-02-07
1523,56,Male,Delhi,2023-01-25
1524,63,Male,Mumbai,2024-02-14
1525,46,Male,Pune,2024-04-05
1526,46,Male,Ahmedabad,2024-07-24
1527,61,Male,Bangalore,2024-02-21
1528,33,Female,Pune,2023-12-23
1529,61,Female,Pune,2024-01-18
1530,64,Female,Pune,2023-06-07
1531,27,Female,Ahmedabad,2024-07-22
1532,47,Male,Delhi,2024-03-08
1533,42,Female,Ahmedabad,2023-02-17
1534,56,Female,Delhi,2023-11-24
1535,37,Male,Pune,2024-03-08
1536,22,Male,Pune,2024-03-06
1537,18,Female,Bangalore,2023-02-25
1538,47,Female,Delhi,2024-07-30
1539,20,Male,Pune,2023-09-25
1540,62,Female,Mumbai,2023-03-10
1541,31,Female,Bangalore,2024-03-24
1542,47,Female,Ahmedabad,2023-09-14
1543,21,Female,Bangalore,2024-05-04
1544,35,Male,Mumbai,2023-02-18
1545,54,Male,Delhi,2023-11-12
1546,42,Male,Ahmedabad,2024-02-17
1547,18,Female,Ahmedabad,2024-03-09
1548,63,Female,Delhi,2023-01-02
1549,32,Female,Bangalore,2023-05-25
1550,26,Female,Pune,2024-01-01
1551,32,Female,Bangalore,2024-02-24
1552,41,Male,Mumbai,2024-07-26
1553,21,Female,Pune,2024-07-14
1554,29,Female,Bangalore,2024-03-19
1555,54,Male,Delhi,2024-03-09
1556,54,Female,Mumbai,2024-07-08
1557,60,Male,Mumbai,2023-02-26
1558,23,Male,Mumbai,2024-07-15
1559,56,Male,Pune,2023-06-27
1560,63,Male,Ahmedabad,2023-10-20
1561,41,Male,Pune,2023-02-15
1562,28,Female,Bangalore,2023-06-19
1563,30,Male,Ahmedabad,2023-09-28
1564,51,Male,Bangalore,2024-02-21
1565,42,Female,Ahmedabad,2023-05-19
1566,24,Female,Pune,2023-09-04
1567,21,Male,Mumbai,2023-05-28
1568,25,Female,Delhi,2023-08-18
1569,37,Female,Mumbai,2024-01-09
1570,46,Male,Pune,2023-03-21
1571,62,Male,Ahmedabad,2023-03-06
1572,63,Female,Mumbai,2023-03-29
1573,27,Male,Pune,2023-03-29
1574,60,Male,Bangalore,2023-07-23
1575,51,Female,Delhi,2024-01-17
1576,43,Male,Mumbai,2024-04-20
1577,58,Male,Ahmedabad,2024-07-26
1578,20,Male,Bangalore,2024-06-22
1579,23,Male,Pune,2023-08-02
1580,22,Male,Delhi,2023-03-15
1581,22,Female,Ahmedabad,2023-03-02
1582,64,Female,Pune,2024-06-26
1583,40,Male,Pune,2023-08-07
1584,26,Female,Mumbai,2023-01-12
1585,52,Male,Mumbai,2024-02-19
1586,37,Male,Ahmedabad,2023-02-01
1587,59,Male,Pune,2023-06-09
1588,52,Male,Mumbai,2023-08-25
1589,35,Male,Delhi,2023-06-30
1590,34,Female,Delhi,2024-07-11
1591,41,Female,Pune,2023-12-07
1592,20,Male,Mumbai,2024-04-02
1593,49,Female,Ahmedabad,2023-03-21
1594,52,Male,Ahmedabad,2024-04-17
1595,55,Female,Ahmedabad,2023-04-22
1596,30,Male,Delhi,2023-10-19
1597,64,Female,Mumbai,2024-01-18
1598,42,Male,Mumbai,2023-01-17
1599,26,Male,Delhi,2024-05-07
1600,21,Female,Ahmedabad,2023-11-27
1601,31,Female,Ahmedabad,2024-04-30
1602,54,Male,Pune,2024-02-10
1603,51,Female,Bangalore,2023-04-27
1604,28,Male,Mumbai,2024-07-08
1605,58,Female,Mumbai,2023-04-25
1606,20,Female,Mumbai,2024-07-02
1607,45,Male,Bangalore,2024-06-30
1608,46,Female,Pune,2023-12-02
1609,26,Female,Bangalore,2023-12-02
1610,20,Male,Ahmedabad,2023-05-27
1611,42,Female,Ahmedabad,2023-05-02
1612,51,Male,Mumbai,2023-03-22
1613,29,Male,Delhi,2024-01-10
1614,59,Male,Mumbai,2024-07-23
1615,26,Male,Delhi,2023-03-04
1616,32,Male,Bangalore,2024-05-18
1617,57,Female,Ahmedabad,2024-03-24
1618,42,Male,Delhi,2024-03-03
1619,22,Male,Bangalore,2024-03-02
1620,28,Female,Ahmedabad,2024-02-25
1621,51,Female,Delhi,2023-11-18
1622,41,Female,Mumbai,2023-06-15
1623,32,Male,Mumbai,2024-08-19
1624,55,Male,Mumbai,2024-04-05
1625,25,Male,Bangalore,2024-04-03
1626,22,Female,Mumbai,2023-07-08
1627,43,Male,Pune,2024-04-08
1628,35,Female,Ahmedabad,2024-01-14
1629,23,Male,Bangalore,2023-01-02
1630,54,Female,Mumbai,2023-12-30
1631,30,Male,Ahmedabad,2023-03-13
1632,45,Male,Delhi,2024-03-02
1633,22,Male,Mumbai,2023-06-19
1634,30,Female,Ahmedabad,2023-07-24
1635,34,Female,Pune,2023-12-03
1636,57,Male,Delhi,2024-04-16
1637,62,Male,Pune,2023-07-14
1638,49,Male,Ahmedabad,2023-10-02
1639,46,Female,Pune,2023-01-07
1640,20,Male,Ahmedabad,2024-07-19
1641,57,Male,Ahmedabad,2024-07-26
1642,51,Male,Pune,2024-08-21
1643,57,Male,Ahmedabad,2023-06-27
1644,44,Female,Mumbai,2023-08-30
1645,30,Female,Ahmedabad,2023-07-22
1646,62,Male,Bangalore,2024-06-26
1647,50,Male,Ahmedabad,2024-04-06
1648,23,Female,Bangalore,2023-03-21
1649,41,Female,Ahmedabad,2024-06-06
1650,36,Male,Ahmedabad,2024-02-21
1651,33,Female,Pune,2024-01-19
1652,57,Female,Mumbai,2024-01-26
1653,45,Male,Mumbai,2023-05-06
1654,50,Female,Delhi,2024-05-08
1655,58,Female,Pune,2023-02-16
1656,30,Male,Pune,2024-04-20
1657,60,Male,Mumbai,2024-04-08
1658,62,Female,Pune,2023-05-03
1659,42,Male,Mumbai,2024-04-18
1660,59,Female,Pune,2023-05-14
1661,53,Male,Ahmedabad,2024-07-15
1662,44,Female,Mumbai,2023-01-23
1663,55,Male,Mumbai,2024-07-19
1664,24,Female,Bangalore,2023-08-23
1665,22,Female,Pune,2023-02-28
1666,60,Female,Pune,2023-06-13
1667,62,Male,Mumbai,2023-08-04
1668,48,Male,Ahmedabad,2023-07-02
1669,40,Female,Ahmedabad,2024-07-22
1670,59,Female,Ahmedabad,2023-03-31
1671,27,Male,Pune,2023-11-07
1672,49,Male,Bangalore,2024-07-10
1673,60,Male,Mumbai,2023-09-14
1674,47,Male,Delhi,2024-06-16
1675,56,Male,Bangalore,2024-06-16
1676,48,Male,Delhi,2023-02-21
1677,35,Female,Bangalore,2023-12-04
1678,53,Male,Ahmedabad,2023-06-20
1679,19,Female,Pune,2023-03-08
1680,31,Male,Delhi,2023-10-27
1681,30,Male,Bangalore,2023-08-20
1682,46,Female,Pune,2023-03-09
1683,29,Female,Delhi,2024-05-20
1684,56,Male,Mumbai,2023-01-28
1685,19,Female,Bangalore,2023-02-20
1686,49,Female,Mumbai,2023-09-17
1687,30,Female,Ahmedabad,2024-08-13
1688,63,Female,Mumbai,2024-08-08
1689,44,Male,Mumbai,2023-07-03
1690,58,Female,Bangalore,2023-01-23
1691,34,Male,Ahmedabad,2023-05-09
1692,57,Male,Mumbai,2023-10-18
1693,48,Male,Pune,2024-05-15
1694,51,Male,Delhi,2023-07-05
1695,41,Female,Mumbai,2024-04-23
1696,62,Female,Ahmedabad,2024-07-24
1697,52,Male,Mumbai,2024-05-06
1698,23,Male,Delhi,2024-05-27
1699,36,Male,Ahmedabad,2023-03-08
1700,47,Male,Bangalore,2024-04-11
1701,24,Female,Ahmedabad,2023-10-12
1702,27,Male,Bangalore,2024-02-21
1703,58,Female,Ahmedabad,2023-04-10
1704,49,Male,Delhi,2023-07-08
1705,51,Male,Delhi,2024-01-23
1706,45,Male,Ahmedabad,2023-08-29
1707,32,Male,Mumbai,2024-02-21
1708,47,Female,Delhi,2023-06-25
1709,54,Female,Bangalore,2024-01-22
1710,46,Female,Bangalore,2024-04-15
1711,39,Male,Pune,2023-08-21
1712,21,Male,Bangalore,2024-03-27
1713,37,Female,Pune,2023-10-04
1714,49,Female,Ahmedabad,2023-08-17
1715,53,Male,Ahmedabad,2023-06-20
1716,21,Male,Ahmedabad,2023-08-01
1717,44,Female,Mumbai,2023-10-09
1718,34,Male,Mumbai,2023-02-10
1719,29,Male,Pune,2023-05-02
1720,39,Female,Bangalore,2023-08-15
1721,34,Male,Bangalore,2023-10-21
1722,27,Female,Ahmedabad,2024-08-22
1723,18,Male,Delhi,2023-09-24
1724,39,Female,Mumbai,2024-06-24
1725,43,Male,Mumbai,2024-03-26
1726,35,Female,Ahmedabad,2024-03-24
1727,31,Female,Mumbai,2023-03-02
1728,64,Female,Ahmedabad,2024-05-16
1729,46,Female,Pune,2023-05-27
1730,29,Male,Bangalore,2023-11-30
1731,53,Male,Delhi,2023-05-22
1732,52,Female,Bangalore,2023-02-13
1733,29,Male,Bangalore,2023-05-24
1734,24,Male,Pune,2023-11-29
1735,46,Male,Mumbai,2024-05-11
1736,28,Male,Delhi,2024-01-31
1737,50,Male,Mumbai,2023-02-24
1738,23,Female,Bangalore,2023-11-03
1739,64,Female,Ahmedabad,2024-02-27
1740,32,Female,Bangalore,2024-02-21
1741,49,Female,Mumbai,2023-11-21
1742,28,Male,Bangalore,2023-03-21
1743,40,Male,Ahmedabad,2023-01-31
1744,43,Female,Pune,2023-04-22
1745,51,Male,Mumbai,2024-07-11
1746,63,Male,Bangalore,2024-07-17
1747,51,Female,Mumbai,2024-04-16
1748,46,Male,Pune,2023-03-15
1749,21,Female,Bangalore,2024-07-06
1750,34,Female,Bangalore,2024-04-23
1751,52,Male,Mumbai,2024-08-11
1752,30,Male,Mumbai,2024-01-22
1753,58,Female,Ahmedabad,2024-07-17
1754,56,Female,Pune,2024-03-08
1755,32,Male,Ahmedabad,2024-02-16
1756,46,Female,Bangalore,2024-04-11
1757,46,Female,Mumbai,2024-08-21
1758,28,Female,Bangalore,2023-09-05
1759,49,Male,Bangalore,2024-08-03
1760,19,Female,Delhi,2023-04-30
1761,64,Male,Delhi,2023-03-08
1762,31,Female,Bangalore,2024-07-26
1763,37,Male,Mumbai,2023-11-23
1764,39,Female,Bangalore,2024-04-14
1765,28,Male,Delhi,2024-05-07
1766,44,Male,Mumbai,2023-10-13
1767,20,Male,Bangalore,2023-11-08
1768,34,Female,Pune,2023-11-05
1769,61,Female,Pune,2023-04-07
1770,45,Female,Bangalore,2023-04-23
1771,46,Male,Mumbai,2024-03-31
1772,38,Female,Bangalore,2024-04-07
1773,64,Male,Bangalore,2023-05-12
1774,33,Female,Delhi,2023-05-01
1775,54,Male,Pune,2023-07-16
1776,37,Male,Delhi,2024-04-26
1777,23,Male,Delhi,2023-02-08
1778,36,Female,Bangalore,2024-07-19
1779,22,Female,Delhi,2024-05-26
1780,20,Female,Pune,2024-04-18
1781,18,Male,Delhi,2023-06-10
1782,55,Male,Pune,2023-10-16
1783,32,Female,Delhi,2023-07-19
1784,51,Female,Pune,2024-06-11
1785,52,Female,Delhi,2024-05-17
1786,42,Male,Delhi,2023-09-05
1787,41,Male,Mumbai,2024-01-18
1788,29,Male,Pune,2023-08-06
1789,35,Male,Pune,2023-03-28
1790,32,Male,Pune,2023-03-23
1791,61,Female,Ahmedabad,2023-03-03
1792,33,Male,Delhi,2024-05-14
1793,44,Male,Pune,2023-02-11
1794,25,Male,Ahmedabad,2023-01-12
1795,63,Male,Mumbai,2023-04-25
1796,42,Male,Pune,2023-08-06
1797,34,Female,Pune,2023-04-16
1798,46,Male,Ahmedabad,2024-06-11
1799,25,Male,Delhi,2024-04-16
1800,32,Male,Mumbai,2024-01-22
1801,44,Female,Pune,2023-08-14
1802,63,Female,Delhi,2024-04-25
1803,24,Female,Mumbai,2024-02-12
1804,20,Male,Bangalore,2024-04-01
1805,46,Female,Bangalore,2023-01-21
1806,61,Male,Mumbai,2023-07-22
1807,41,Male,Ahmedabad,2024-02-21
1808,20,Female,Mumbai,2024-02-20
1809,37,Male,Mumbai,2024-03-23
1810,63,Male,Ahmedabad,2024-05-26
1811,32,Male,Ahmedabad,2023-03-26
1812,42,Female,Delhi,2023-06-16
1813,47,Male,Delhi,2024-01-19
1814,31,Male,Ahmedabad,2024-04-12
1815,24,Female,Bangalore,2023-03-13
1816,34,Male,Bangalore,2024-06-04
1817,61,Male,Mumbai,2024-04-17
1818,37,Female,Pune,2023-09-15
1819,53,Male,Mumbai,2023-10-02
1820,26,Male,Mumbai,2023-01-20
1821,55,Male,Pune,2024-05-04
1822,39,Male,Ahmedabad,2024-05-04
1823,19,Male,Bangalore,2023-11-22
1824,41,Female,Mumbai,2024-06-12
1825,25,Female,Pune,2023-03-30
1826,28,Female,Delhi,2024-04-30
1827,30,Female,Mumbai,2023-12-16
1828,34,Male,Bangalore,2023-03-25
1829,25,Male,Ahmedabad,2024-01-22
1830,38,Male,Mumbai,2023-03-28
1831,35,Male,Mumbai,2023-11-03
1832,47,Male,Pune,2023-06-03
1833,35,Female,Delhi,2024-03-15
1834,63,Female,Delhi,2023-09-21
1835,64,Male,Ahmedabad,2024-02-25
1836,48,Male,Bangalore,2024-05-07
1837,55,Male,Ahmedabad,2024-02-15
1838,49,Female,Mumbai,2023-06-22
1839,28,Male,Mumbai,2023-01-04
1840,62,Male,Delhi,2024-04-16
1841,42,Male,Bangalore,2023-04-20
1842,50,Female,Pune,2023-02-06
1843,55,Male,Bangalore,2024-08-05
1844,58,Female,Mumbai,2023-01-31
1845,25,Female,Pune,2024-01-16
1846,28,Female,Bangalore,2023-09-25
1847,39,Female,Bangalore,2023-01-11
1848,41,Female,Pune,2023-12-10
1849,58,Female,Mumbai,2024-06-27
1850,34,Male,Bangalore,2024-07-22
1851,29,Male,Pune,2023-06-15
1852,63,Male,Mumbai,2023-12-08
1853,49,Female,Pune,2024-04-26
1854,32,Male,Pune,2023-01-19
1855,33,Female,Bangalore,2023-07-03
1856,39,Female,Mumbai,2024-06-28
1857,45,Female,Bangalore,2023-01-10
1858,37,Male,Ahmedabad,2024-08-14
1859,50,Female,Ahmedabad,2023-07-11
1860,27,Female,Mumbai,2023-11-16
1861,57,Male,Pune,2024-08-02
1862,49,Male,Bangalore,2024-04-19
1863,50,Female,Bangalore,2024-03-02
1864,19,Female,Mumbai,2023-02-28
1865,50,Male,Mumbai,2024-03-11
1866,50,Male,Ahmedabad,2023-04-07
1867,58,Male,Delhi,2024-05-10
1868,30,Female,Mumbai,2023-10-05
1869,47,Male,Delhi,2023-09-22
1870,50,Male,Mumbai,2023-01-09
1871,30,Male,Pune,2024-04-01
1872,43,Female,Pune,2023-09-30
1873,39,Male,Ahmedabad,2023-01-08
1874,56,Male,Ahmedabad,2023-07-27
1875,19,Male,Delhi,2023-05-03
1876,55,Male,Mumbai,2023-02-02
1877,56,Male,Bangalore,2024-05-27
1878,43,Female,Ahmedabad,2023-07-23
1879,63,Female,Bangalore,2024-06-01
1880,32,Female,Bangalore,2024-05-31
1881,51,Male,Mumbai,2024-03-18
1882,59,Female,Delhi,2024-08-14
1883,61,Female,Mumbai,2023-12-05
1884,57,Female,Ahmedabad,2024-03-13
1885,28,Male,Bangalore,2024-03-20
1886,20,Male,Mumbai,2023-05-16
1887,23,Female,Mumbai,2024-01-22
1888,26,Female,Mumbai,2023-01-25
1889,23,Male,Ahmedabad,2024-05-20
1890,26,Male,Delhi,2023-11-21
1891,56,Female,Mumbai,2023-12-04
1892,48,Male,Ahmedabad,2023-04-05
1893,49,Female,Bangalore,2024-06-28
1894,58,Male,Pune,2023-05-26
1895,29,Female,Ahmedabad,2023-08-19
1896,25,Female,Pune,2024-05-09
1897,25,Male,Mumbai,2023-02-07
1898,45,Female,Mumbai,2024-02-29
1899,37,Female,Ahmedabad,2024-03-12
1900,64,Female,Pune,2024-01-03
1901,24,Male,Mumbai,2023-12-11
1902,28,Male,Bangalore,2023-06-09
1903,37,Male,Delhi,2024-07-03
1904,33,Female,Delhi,2024-06-24
1905,21,Male,Mumbai,2023-05-24
1906,23,Female,Pune,2024-08-10
1907,39,Female,Mumbai,2024-07-29
1908,43,Male,Pune,2023-12-11
1909,20,Male,Bangalore,2023-09-26
1910,58,Female,Pune,2023-09-25
1911,59,Female,Mumbai,2023-06-18
1912,31,Male,Bangalore,2023-02-02
1913,28,Male,Ahmedabad,2024-01-12
1914,35,Male,Delhi,2023-08-02
1915,29,Female,Mumbai,2024-07-15
1916,40,Female,Mumbai,2024-03-15
1917,29,Female,Mumbai,2024-05-06
1918,30,Female,Bangalore,2024-01-28
1919,42,Female,Ahmedabad,2024-05-03
1920,62,Male,Pune,2023-01-29
1921,36,Male,Ahmedabad,2023-02-08
1922,63,Female,Bangalore,2023-06-22
1923,53,Female,Mumbai,2023-01-17
1924,62,Male,Delhi,2023-02-25
1925,25,Male,Mumbai,2023-08-14
1926,46,Male,Pune,2024-07-11
1927,49,Male,Delhi,2023-03-08
1928,61,Female,Mumbai,2023-07-16
1929,35,Male,Delhi,2023-01-23
1930,23,Female,Ahmedabad,2023-08-25
1931,35,Male,Bangalore,2024-07-19
1932,36,Male,Mumbai,2023-05-18
1933,39,Male,Pune,2024-04-17
1934,54,Female,Ahmedabad,2024-07-06
1935,49,Female,Mumbai,2023-08-17
1936,58,Male,Ahmedabad,2023-11-13
1937,20,Female,Pune,2024-08-20
1938,45,Female,Mumbai,2024-07-14
1939,27,Male,Pune,2023-07-20
1940,52,Male,Delhi,2023-09-15
1941,46,Female,Pune,2024-04-24
1942,32,Female,Delhi,2023-06-27
1943,50,Female,Mumbai,2023-05-03
1944,24,Male,Delhi,2023-12-08
1945,29,Male,Mumbai,2023-06-20
1946,47,Female,Mumbai,2023-02-28
1947,38,Male,Bangalore,2024-04-09
1948,48,Male,Mumbai,2023-09-17
1949,41,Female,Delhi,2024-01-08
1950,37,Female,Bangalore,2023-04-05
1951,54,Male,Bangalore,2023-05-05
1952,21,Male,Mumbai,2023-02-10
1953,45,Female,Pune,2023-09-11
1954,61,Male,Pune,2023-01-07
1955,37,Male,Bangalore,2024-04-15
1956,41,Female,Mumbai,2024-05-25
1957,49,Female,Pune,2024-08-03
1958,58,Male,Mumbai,2023-03-10
1959,53,Male,Mumbai,2023-03-22
1960,51,Male,Bangalore,2024-06-25
1961,53,Female,Bangalore,2024-08-07
1962,19,Male,Ahmedabad,2023-09-19
1963,32,Male,Pune,2023-03-30
1964,51,Female,Pune,2023-07-27
1965,53,Female,Pune,2023-08-01
1966,23,Male,Delhi,2023-09-23
1967,56,Female,Mumbai,2023-10-20
1968,59,Female,Bangalore,2023-07-26
1969,29,Male,Pune,2023-11-29
1970,20,Female,Ahmedabad,2023-03-18
1971,62,Female,Pune,2023-10-15
1972,35,Male,Mumbai,2023-02-16
1973,57,Female,Mumbai,2023-07-19
1974,38,Male,Bangalore,2024-03-02
1975,32,Male,Delhi,2023-07-29
1976,50,Female,Bangalore,2024-02-24
1977,52,Female,Pune,2023-06-03
1978,43,Female,Ahmedabad,2024-06-05
1979,25,Male,Bangalore,2024-02-19
1980,53,Female,Delhi,2023-12-19
1981,47,Male,Bangalore,2023-06-06
1982,40,Female,Mumbai,2023-09-18
1983,59,Female,Pune,2023-03-18
1984,61,Female,Pune,2024-05-02
1985,31,Male,Pune,2023-05-11
1986,31,Female,Pune,2024-08-01
1987,19,Female,Pune,2024-03-30
1988,54,Male,Pune,2023-06-12
1989,22,Male,Ahmedabad,2023-01-15
1990,55,Female,Delhi,2023-08-20
1991,62,Female,Pune,2023-07-14
1992,58,Female,Delhi,2024-06-25
1993,64,Male,Pune,2023-12-25
1994,31,Male,Bangalore,2023-11-27
1995,56,Male,Pune,2024-03-02
1996,42,Male,Mumbai,2024-05-11
1997,37,Female,Ahmedabad,2024-04-30
1998,19,Male,Bangalore,2024-03-24
1999,56,Male,Bangalore,2024-02-17
2000,23,Male,Mumbai,2023-11-26
2001,34,Female,Pune,2023-05-27
2002,42,Female,Ahmedabad,2023-09-16
2003,45,Male,Bangalore,2023-10-19
2004,19,Male,Ahmedabad,2023-05-23
2005,52,Female,Bangalore,2023-12-31
2006,54,Female,Pune,2023-03-31
2007,22,Female,Bangalore,2023-06-13
2008,18,Female,Bangalore,2024-04-25
2009,57,Female,Delhi,2023-03-25
2010,29,Female,Pune,2023-03-18
2011,53,Female,Mumbai,2024-05-31
2012,62,Female,Mumbai,2024-04-29
2013,40,Male,Pune,2024-08-12
2014,64,Male,Mumbai,2024-08-21
2015,48,Male,Pune,2023-04-14
2016,28,Male,Mumbai,2024-03-27
2017,27,Male,Delhi,2024-05-01
2018,20,Male,Mumbai,2023-12-05
2019,31,Female,Bangalore,2024-07-19
2020,33,Female,Pune,2024-04-22
2021,27,Male,Ahmedabad,2023-08-11
2022,46,Male,Ahmedabad,2023-01-09
2023,27,Female,Pune,2023-02-22
2024,29,Female,Delhi,2023-03-18
2025,47,Female,Mumbai,2024-05-17
2026,58,Male,Delhi,2023-11-12
2027,18,Female,Ahmedabad,2023-06-14
2028,22,Male,Pune,2023-10-06
2029,37,Male,Pune,2023-01-27
2030,25,Female,Delhi,2023-03-11
2031,60,Female,Delhi,2023-08-06
2032,29,Male,Mumbai,2023-12-31
2033,18,Female,Bangalore,2023-11-02
2034,37,Female,Bangalore,2023-05-04
2035,45,Male,Mumbai,2023-01-19
2036,60,Female,Bangalore,2023-09-14
2037,54,Male,Ahmedabad,2023-10-23
2038,64,Male,Bangalore,2023-01-22
2039,54,Female,Mumbai,2024-03-25
2040,29,Male,Bangalore,2024-07-05
2041,54,Male,Pune,2024-07-03
2042,61,Female,Delhi,2023-02-17
2043,45,Female,Ahmedabad,2024-08-09
2044,64,Female,Pune,2023-07-02
2045,32,Male,Pune,2024-03-10
2046,23,Male,Mumbai,2023-04-17
2047,61,Female,Delhi,2023-07-07
2048,37,Male,Delhi,2023-03-27
2049,31,Female,Ahmedabad,2024-03-31
2050,19,Female,Mumbai,2023-05-17
2051,26,Male,Ahmedabad,2023-12-02
2052,54,Female,Bangalore,2024-04-13
2053,37,Male,Pune,2024-07-24
2054,43,Male,Ahmedabad,2024-02-07
2055,46,Female,Pune,2024-06-23
2056,18,Male,Mumbai,2023-03-13
2057,52,Female,Bangalore,2023-01-24
2058,23,Male,Mumbai,2024-04-29
2059,54,Male,Bangalore,2023-02-25
2060,22,Male,Bangalore,2023-08-11
2061,50,Female,Pune,2023-06-28
2062,31,Male,Mumbai,2024-03-09
2063,29,Female,Mumbai,2024-03-25
2064,59,Male,Ahmedabad,2024-05-06
2065,37,Male,Mumbai,2023-07-08
2066,41,Female,Ahmedabad,2024-07-31
2067,60,Female,Delhi,2024-02-24
2068,51,Female,Delhi,2023-09-06
2069,42,Female,Delhi,2024-08-10
2070,46,Female,Mumbai,2023-06-13
2071,56,Male,Mumbai,2023-09-12
2072,48,Male,Ahmedabad,2024-04-20
2073,64,Female,Bangalore,2024-02-21
2074,60,Male,Ahmedabad,2023-06-19
2075,40,Male,Delhi,2023-11-13
2076,61,Male,Ahmedabad,2023-06-23
2077,55,Female,Bangalore,2024-04-14
2078,37,Male,Mumbai,2023-12-11
2079,40,Male,Ahmedabad,2024-03-20
2080,62,Male,Delhi,2023-01-18
2081,33,Female,Delhi,2023-03-11
2082,59,Male,Mumbai,2023-12-04
2083,25,Male,Ahmedabad,2024-08-14
2084,38,Female,Bangalore,2024-06-10
2085,18,Female,Mumbai,2024-03-31
2086,25,Male,Ahmedabad,2023-09-26
2087,46,Male,Pune,2023-07-07
2088,49,Female,Delhi,2024-07-22
2089,55,Female,Bangalore,2024-06-12
2090,22,Female,Bangalore,2024-03-09
2091,64,Female,Bangalore,2023-10-15
2092,39,Female,Delhi,2024-07-20
2093,64,Female,Ahmedabad,2024-05-13
2094,51,Female,Mumbai,2024-03-16
2095,18,Male,Ahmedabad,2023-10-30
2096,43,Female,Mumbai,2023-03-28
2097,60,Female,Bangalore,2024-03-13
2098,27,Male,Ahmedabad,2024-06-24
2099,47,Female,Bangalore,2023-01-22
2100,35,Female,Pune,2024-07-13
2101,34,Male,Bangalore,2024-05-31
2102,43,Female,Bangalore,2024-05-17
2103,25,Male,Mumbai,2024-04-11
2104,64,Male,Pune,2023-04-11
2105,57,Male,Bangalore,2024-08-05
2106,29,Male,Bangalore,2023-05-21
2107,44,Female,Pune,2023-05-18
2108,25,Male,Pune,2024-07-31
2109,42,Male,Ahmedabad,2023-08-16
2110,63,Female,Mumbai,2023-10-08
2111,21,Male,Pune,2024-03-06
2112,50,Male,Pune,2023-02-09
2113,18,Male,Delhi,2024-06-02
2114,36,Male,Pune,2023-07-30
2115,48,Female,Mumbai,2023-10-29
2116,33,Male,Bangalore,2023-03-27
2117,31,Female,Bangalore,2024-02-01
2118,22,Female,Bangalore,2023-09-10
2119,58,Male,Bangalore,2024-06-16
2120,43,Male,Delhi,2024-01-16
2121,45,Male,Pune,2024-03-19
2122,19,Male,Bangalore,2023-02-02
2123,23,Female,Ahmedabad,2023-09-17
2124,26,Female,Bangalore,2023-08-22
2125,50,Female,Pune,2024-05-29
2126,58,Male,Bangalore,2023-11-04
2127,42,Female,Delhi,2023-03-11
2128,30,Male,Mumbai,2024-03-29
2129,26,Male,Mumbai,2024-03-14
2130,30,Male,Pune,2023-12-30
2131,48,Male,Mumbai,2024-04-25
2132,58,Male,Mumbai,2023-05-24
2133,28,Female,Ahmedabad,2023-01-24
2134,21,Female,Pune,2024-02-29
2135,51,Male,Pune,2023-06-24
2136,55,Female,Mumbai,2023-11-21
2137,63,Male,Mumbai,2023-12-14
2138,21,Male,Mumbai,2023-01-18
2139,55,Male,Delhi,2023-02-13
2140,36,Female,Bangalore,2023-06-04
2141,23,Male,Delhi,2024-01-12
2142,51,Male,Pune,2024-02-06
2143,35,Female,Ahmedabad,2023-08-13
2144,30,Female,Bangalore,2023-08-05
2145,58,Female,Ahmedabad,2024-07-21
2146,40,Male,Pune,2023-01-31
2147,36,Male,Pune,2023-02-28
2148,62,Female,Ahmedabad,2023-12-19
2149,28,Male,Ahmedabad,2024-03-20
2150,18,Female,Ahmedabad,2023-08-23
2151,41,Female,Pune,2023-04-17
2152,24,Male,Mumbai,2023-07-10
2153,42,Male,Ahmedabad,2024-06-13
2154,38,Female,Bangalore,2024-08-05
2155,32,Female,Pune,2024-07-19
2156,18,Female,Delhi,2023-09-02
2157,29,Female,Delhi,2023-03-17
2158,24,Male,Bangalore,2024-06-30
2159,32,Female,Mumbai,2023-09-24
2160,38,Female,Ahmedabad,2023-11-13
2161,36,Female,Pune,2023-05-01
2162,46,Male,Ahmedabad,2023-01-25
2163,42,Male,Pune,2024-03-07
2164,50,Female,Delhi,2023-06-09
2165,49,Male,Ahmedabad,2024-08-18
2166,52,Male,Bangalore,2023-04-24
2167,61,Male,Mumbai,2024-05-16
2168,55,Female,Bangalore,2023-06-15
2169,43,Female,Mumbai,2023-06-24
2170,28,Male,Ahmedabad,2023-01-01
2171,52,Female,Ahmedabad,2023-03-27
2172,25,Female,Mumbai,2024-07-27
2173,63,Male,Delhi,2023-11-16
2174,31,Male,Pune,2024-02-05
2175,27,Female,Bangalore,2024-01-17
2176,19,Male,Bangalore,2023-11-14
2177,63,Female,Bangalore,2023-09-07
2178,26,Female,Ahmedabad,2024-06-08
2179,20,Male,Bangalore,2024-07-08
2180,38,Female,Pune,2023-09-13
2181,43,Female,Pune,2023-11-03
2182,25,Male,Mumbai,2023-05-24
2183,19,Male,Ahmedabad,2024-01-26
2184,23,Male,Pune,2023-06-18
2185,45,Female,Delhi,2023-10-25
2186,46,Male,Ahmedabad,2023-08-21
2187,43,Male,Ahmedabad,2023-09-28
2188,42,Male,Pune,2023-03-01
2189,29,Male,Delhi,2023-10-23
2190,22,Female,Mumbai,2024-04-11
2191,51,Female,Pune,2023-08-23
2192,54,Male,Delhi,2023-08-22
2193,32,Female,Ahmedabad,2024-01-03
2194,61,Male,Delhi,2023-08-20
2195,53,Male,Ahmedabad,2024-05-05
2196,32,Female,Pune,2024-05-17
2197,60,Female,Pune,2024-08-14
2198,40,Male,Bangalore,2024-01-16
2199,23,Male,Bangalore,2024-03-03
2200,63,Female,Bangalore,2023-12-30
2201,61,Male,Pune,2023-07-21
2202,60,Female,Mumbai,2023-05-26
2203,62,Male,Pune,2024-04-01
2204,38,Male,Delhi,2023-05-15
2205,40,Female,Pune,2023-09-21
2206,60,Female,Pune,2023-03-05
2207,33,Female,Ahmedabad,2024-05-05
2208,64,Female,Ahmedabad,2023-02-10
2209,32,Female,Ahmedabad,2023-10-23
2210,42,Female,Pune,2023-01-03
2211,53,Female,Mumbai,2023-04-20
2212,28,Male,Delhi,2023-08-09
2213,32,Male,Delhi,2024-01-05
2214,21,Male,Mumbai,2024-01-03
2215,38,Female,Mumbai,2024-03-11
2216,30,Female,Delhi,2023-01-04
2217,39,Female,Bangalore,2023-09-01
2218,36,Male,Ahmedabad,2023-06-15
2219,51,Female,Ahmedabad,2023-01-26
2220,31,Female,Delhi,2024-01-30
2221,21,Male,Mumbai,2024-04-18
2222,63,Female,Bangalore,2023-01-17
2223,44,Male,Delhi,2023-04-02
2224,46,Male,Ahmedabad,2024-04-27
2225,64,Female,Pune,2024-06-26
2226,45,Female,Mumbai,2023-07-24
2227,52,Female,Pune,2024-05-16
2228,25,Male,Delhi,2024-02-04
2229,33,Male,Ahmedabad,2023-07-26
2230,59,Male,Bangalore,2023-05-26
2231,53,Female,Pune,2023-04-11
2232,47,Female,Bangalore,2023-08-29
2233,35,Female,Ahmedabad,2023-06-12
2234,19,Female,Pune,2023-06-22
2235,30,Male,Bangalore,2024-05-16
2236,21,Male,Bangalore,2024-06-30
2237,43,Male,Pune,2023-10-11
2238,42,Male,Ahmedabad,2023-12-25
2239,47,Female,Bangalore,2024-01-16
2240,28,Female,Delhi,2024-06-16
2241,24,Female,Pune,2023-06-12
2242,48,Male,Mumbai,2023-11-03
2243,61,Male,Mumbai,2023-12-05
2244,27,Female,Ahmedabad,2023-02-24
2245,56,Female,Delhi,2023-11-29
2246,30,Male,Bangalore,2023-05-07
2247,48,Female,Mumbai,2023-08-31
2248,24,Male,Ahmedabad,2024-08-22
2249,59,Male,Delhi,2024-02-13
2250,59,Male,Delhi,2024-05-17
2251,53,Female,Ahmedabad,2023-10-30
2252,37,Female,Ahmedabad,2024-04-08
2253,21,Male,Bangalore,2023-08-23
2254,24,Female,Ahmedabad,2023-02-07
2255,18,Male,Bangalore,2023-05-19
2256,61,Male,Bangalore,2023-07-14
2257,62,Male,Pune,2024-06-10
2258,59,Male,Delhi,2023-01-01
2259,64,Female,Delhi,2024-07-14
2260,30,Male,Delhi,2023-04-06
2261,39,Male,Pune,2024-02-17
2262,38,Female,Bangalore,2024-06-21
2263,39,Male,Bangalore,2024-03-04
2264,45,Male,Ahmedabad,2023-08-23
2265,26,Female,Pune,2023-12-15
2266,43,Female,Ahmedabad,2024-04-25
2267,26,Female,Pune,2024-01-31
2268,32,Male,Ahmedabad,2023-12-17
2269,27,Female,Mumbai,2024-02-20
2270,41,Female,Delhi,2023-02-20
2271,59,Male,Delhi,2023-03-22
2272,25,Male,Bangalore,2023-02-05
2273,41,Male,Mumbai,2023-03-08
2274,33,Male,Delhi,2024-04-25
2275,43,Male,Bangalore,2024-04-12
2276,44,Female,Mumbai,2023-05-22
2277,54,Female,Delhi,2023-12-22
2278,21,Female,Ahmedabad,2024-04-15
2279,41,Male,Pune,2024-08-13
2280,36,Male,Mumbai,2024-03-14
2281,53,Male,Bangalore,2024-06-14
2282,56,Female,Mumbai,2023-05-07
2283,27,Female,Bangalore,2023-07-24
2284,42,Male,Mumbai,2023-01-29
2285,35,Female,Bangalore,2024-03-20
2286,36,Male,Delhi,2024-04-08
2287,53,Female,Ahmedabad,2023-10-07
2288,27,Female,Delhi,2023-05-31
2289,50,Female,Ahmedabad,2023-08-28
2290,22,Male,Delhi,2023-09-23
2291,64,Female,Delhi,2023-04-15
2292,52,Female,Mumbai,2024-03-08
2293,61,Male,Pune,2024-05-11
2294,51,Female,Bangalore,2024-03-15
2295,50,Male,Bangalore,2023-06-07
2296,38,Male,Bangalore,2023-06-21
2297,34,Male,Ahmedabad,2024-05-08
2298,39,Male,Bangalore,2023-11-07
2299,54,Male,Bangalore,2024-02-07
2300,32,Female,Mumbai,2024-04-07
2301,52,Male,Delhi,2024-01-02
2302,45,Male,Bangalore,2024-07-03
2303,24,Male,Pune,2023-09-12
2304,49,Male,Bangalore,2023-07-27
2305,28,Female,Ahmedabad,2024-03-25
2306,27,Male,Ahmedabad,2023-04-05
2307,26,Female,Ahmedabad,2024-04-22
2308,31,Male,Bangalore,2023-07-09
2309,30,Female,Mumbai,2024-04-28
2310,42,Male,Pune,2024-06-19
2311,19,Male,Bangalore,2024-02-27
2312,52,Female,Mumbai,2023-05-13
2313,24,Male,Mumbai,2023-02-24
2314,38,Female,Bangalore,2024-05-24
2315,35,Male,Bangalore,2024-06-24
2316,20,Female,Mumbai,2024-02-14
2317,59,Male,Mumbai,2023-07-30
2318,56,Male,Mumbai,2023-10-20
2319,58,Female,Bangalore,2023-04-25
2320,28,Male,Mumbai,2023-09-16
2321,56,Male,Ahmedabad,2023-05-02
2322,41,Male,Bangalore,2023-10-26
2323,63,Male,Ahmedabad,2024-01-16
2324,36,Male,Delhi,2024-07-14
2325,21,Male,Bangalore,2024-05-15
2326,43,Female,Delhi,2023-10-24
2327,55,Female,Mumbai,2023-12-28
2328,59,Female,Mumbai,2024-08-11
2329,49,Male,Pune,2024-04-07
2330,56,Female,Mumbai,2024-03-13
2331,62,Male,Delhi,2023-05-07
2332,63,Male,Mumbai,2023-07-16
2333,53,Male,Bangalore,2023-08-09
2334,57,Male,Mumbai,2023-04-01
2335,54,Female,Pune,2024-02-15
2336,50,Male,Mumbai,2023-01-08
2337,53,Female,Delhi,2024-06-27
2338,20,Male,Delhi,2024-04-12
2339,26,Female,Mumbai,2023-11-16
2340,25,Female,Delhi,2024-01-29
2341,50,Female,Delhi,2023-09-26
2342,23,Female,Pune,2023-07-10
2343,58,Female,Bangalore,2023-03-02
2344,56,Female,Pune,2024-03-13
2345,21,Male,Ahmedabad,2023-09-21
2346,30,Female,Pune,2023-04-05
2347,19,Male,Mumbai,2024-07-06
2348,22,Female,Bangalore,2024-04-14
2349,61,Male,Mumbai,2024-05-28
2350,44,Female,Ahmedabad,2023-07-13
2351,49,Female,Bangalore,2024-04-26
2352,38,Male,Delhi,2023-12-02
2353,25,Female,Pune,2024-03-10
2354,55,Female,Mumbai,2023-07-15
2355,25,Female,Ahmedabad,2023-09-06
2356,20,Male,Delhi,2024-05-12
2357,61,Female,Pune,2023-07-31
2358,20,Male,Delhi,2024-04-10
2359,39,Female,Pune,2023-08-09
2360,23,Female,Bangalore,2023-09-30
2361,19,Male,Delhi,2023-06-03
2362,40,Female,Delhi,2023-09-06
2363,61,Female,Delhi,2023-10-06
2364,19,Male,Bangalore,2024-03-15
2365,55,Female,Ahmedabad,2023-10-03
2366,34,Male,Pune,2024-05-28
2367,52,Male,Delhi,2023-03-29
2368,51,Male,Bangalore,2024-05-19
2369,40,Female,Ahmedabad,2024-08-12
2370,47,Male,Pune,2023-08-29
2371,25,Male,Bangalore,2023-08-24
2372,39,Female,Pune,2023-05-08
2373,61,Male,Delhi,2024-05-17
2374,53,Female,Ahmedabad,2023-07-19
2375,22,Female,Bangalore,2024-06-26
2376,30,Female,Ahmedabad,2024-05-16
2377,46,Female,Delhi,2024-05-06
2378,48,Male,Ahmedabad,2023-01-21
2379,64,Male,Ahmedabad,2023-08-22
2380,33,Male,Mumbai,2024-02-20
2381,59,Male,Ahmedabad,2023-05-28
2382,47,Male,Pune,2023-01-29
2383,33,Female,Bangalore,2023-12-27
2384,29,Male,Mumbai,2023-11-04
2385,34,Male,Bangalore,2023-06-11
2386,33,Male,Bangalore,2023-03-02
2387,29,Female,Delhi,2023-05-05
2388,25,Female,Delhi,2024-03-31
2389,37,Male,Mumbai,2023-03-12
2390,20,Female,Delhi,2024-04-10
2391,33,Male,Delhi,2023-08-31
2392,47,Male,Delhi,2024-05-04
2393,62,Female,Bangalore,2023-08-09
2394,40,Female,Mumbai,2024-04-17
2395,45,Male,Bangalore,2024-06-16
2396,57,Male,Pune,2024-05-08
2397,22,Female,Bangalore,2023-03-23
2398,37,Male,Pune,2024-06-05
2399,57,Female,Ahmedabad,2023-01-12
2400,61,Male,Ahmedabad,2023-09-20
2401,18,Female,Pune,2024-03-24
2402,47,Male,Pune,2023-07-11
2403,38,Male,Bangalore,2023-04-24
2404,37,Female,Pune,2023-01-26
2405,23,Male,Mumbai,2024-05-13
2406,39,Male,Ahmedabad,2024-05-22
2407,35,Female,Ahmedabad,2024-06-28
2408,25,Male,Pune,2023-03-03
2409,56,Male,Delhi,2023-08-17
2410,49,Male,Delhi,2023-02-04
2411,50,Female,Pune,2024-03-31
2412,33,Female,Mumbai,2024-08-10
2413,29,Female,Delhi,2024-05-16
2414,55,Male,Pune,2024-08-17
2415,51,Male,Mumbai,2023-01-25
2416,31,Male,Mumbai,2024-07-22
2417,53,Male,Bangalore,2023-02-01
2418,50,Female,Mumbai,2023-01-12
2419,40,Male,Delhi,2023-11-15
2420,62,Male,Delhi,2023-01-01
2421,19,Male,Pune,2024-03-10
2422,58,Female,Pune,2023-05-16
2423,38,Male,Mumbai,2023-07-15
2424,19,Male,Ahmedabad,2023-05-13
2425,44,Male,Bangalore,2023-03-27
2426,26,Male,Ahmedabad,2024-04-20
2427,18,Male,Mumbai,2023-11-20
2428,28,Female,Mumbai,2023-06-29
2429,20,Male,Ahmedabad,2024-05-30
2430,40,Male,Bangalore,2023-06-24
2431,43,Male,Ahmedabad,2023-01-21
2432,21,Male,Pune,2023-04-15
2433,35,Male,Delhi,2024-07-31
2434,23,Male,Pune,2024-03-18
2435,52,Male,Delhi,2023-02-18
2436,39,Male,Mumbai,2024-06-11
2437,60,Male,Bangalore,2023-05-25
2438,32,Male,Ahmedabad,2023-12-06
2439,39,Female,Bangalore,2023-12-20
2440,54,Female,Ahmedabad,2023-03-16
2441,59,Female,Pune,2024-07-31
2442,29,Female,Pune,2023-11-15
2443,64,Male,Ahmedabad,2023-03-28
2444,59,Female,Bangalore,2024-07-06
2445,55,Female,Ahmedabad,2023-02-11
2446,35,Male,Mumbai,2023-04-03
2447,62,Female,Pune,2024-05-21
2448,52,Female,Mumbai,2024-06-12
2449,47,Male,Pune,2023-09-22
2450,41,Male,Pune,2023-10-19
2451,59,Male,Delhi,2024-04-08
2452,47,Female,Mumbai,2024-07-13
2453,31,Female,Mumbai,2023-04-07
2454,23,Male,Delhi,2023-04-05
2455,20,Male,Bangalore,2023-11-22
2456,33,Female,Mumbai,2023-03-15
2457,24,Male,Ahmedabad,2023-12-02
2458,31,Female,Delhi,2023-03-09
2459,26,Male,Mumbai,2023-03-18
2460,32,Male,Bangalore,2023-07-27
2461,38,Female,Mumbai,2023-08-09
2462,52,Male,Pune,2023-09-19
2463,19,Male,Ahmedabad,2024-02-14
2464,44,Male,Delhi,2023-11-27
2465,19,Female,Pune,2023-12-10
2466,52,Male,Bangalore,2023-03-15
2467,35,Male,Pune,2023-09-11
2468,31,Male,Pune,2023-11-28
2469,37,Male,Bangalore,2024-02-02
2470,35,Male,Pune,2023-12-11
2471,27,Male,Delhi,2024-08-06
2472,42,Female,Mumbai,2024-03-30
2473,19,Female,Pune,2023-04-25
2474,42,Male,Delhi,2023-11-09
2475,50,Female,Mumbai,2023-08-16
2476,53,Female,Mumbai,2023-09-02
2477,48,Male,Pune,2024-06-09
2478,31,Female,Delhi,2024-06-11
2479,18,Female,Pune,2024-03-02
2480,63,Female,Bangalore,2023-02-11
2481,33,Female,Mumbai,2024-04-09
2482,63,Female,Pune,2023-10-05
2483,20,Female,Mumbai,2023-01-19
2484,52,Female,Delhi,2023-03-07
2485,58,Female,Ahmedabad,2023-06-16
2486,23,Male,Pune,2024-08-07
2487,42,Male,Pune,2024-02-07
2488,30,Female,Mumbai,2024-02-13
2489,51,Female,Delhi,2023-04-22
2490,25,Male,Bangalore,2023-10-01
2491,38,Female,Delhi,2024-02-11
2492,51,Female,Pune,2024-01-08
2493,21,Male,Bangalore,2024-08-19
2494,42,Male,Delhi,2023-02-08
2495,32,Male,Ahmedabad,2023-04-15
2496,21,Female,Mumbai,2023-11-20
2497,62,Female,Delhi,2024-02-18
2498,29,Male,Delhi,2024-03-04
2499,49,Male,Ahmedabad,2023-03-02
2500,49,Female,Pune,2023-11-03
2501,45,Male,Mumbai,2023-12-20
2502,30,Female,Delhi,2024-01-28
2503,48,Female,Bangalore,2023-07-23
2504,31,Male,Delhi,2023-09-15
2505,37,Male,Mumbai,2024-04-30
2506,35,Female,Delhi,2024-05-31
2507,46,Male,Ahmedabad,2024-03-21
2508,23,Male,Delhi,2023-06-29
2509,49,Male,Delhi,2023-12-08
2510,46,Male,Bangalore,2023-05-13
2511,60,Female,Ahmedabad,2024-03-18
2512,19,Female,Ahmedabad,2023-09-10
2513,40,Female,Delhi,2023-09-22
2514,36,Female,Bangalore,2023-04-03
2515,48,Male,Delhi,2024-02-15
2516,22,Male,Delhi,2023-05-18
2517,36,Female,Mumbai,2023-07-27
2518,51,Female,Mumbai,2024-07-26
2519,27,Male,Bangalore,2023-11-03
2520,42,Female,Pune,2023-09-23
2521,19,Female,Mumbai,2023-11-14
2522,28,Male,Pune,2023-04-23
2523,48,Female,Ahmedabad,2024-01-13
2524,32,Male,Mumbai,2024-03-29
2525,26,Male,Mumbai,2023-07-10
2526,40,Female,Bangalore,2024-03-15
2527,36,Male,Pune,2023-07-06
2528,26,Female,Mumbai,2024-01-02
2529,52,Male,Mumbai,2023-03-30
2530,38,Female,Bangalore,2023-07-06
2531,26,Female,Bangalore,2023-05-12
2532,45,Female,Pune,2024-07-13
2533,63,Male,Ahmedabad,2024-01-11
2534,24,Male,Ahmedabad,2023-04-09
2535,33,Female,Delhi,2023-02-03
2536,33,Male,Mumbai,2024-08-04
2537,50,Female,Pune,2023-06-20
2538,21,Female,Mumbai,2024-01-01
2539,21,Male,Pune,2023-02-28
2540,56,Female,Pune,2023-06-30
2541,57,Male,Pune,2023-01-19
2542,34,Female,Mumbai,2023-08-14
2543,54,Male,Bangalore,2024-04-17
2544,56,Female,Mumbai,2023-04-05
2545,46,Female,Pune,2023-10-24
2546,53,Male,Delhi,2024-08-15
2547,55,Female,Ahmedabad,2023-06-24
2548,56,Female,Pune,2023-08-10
2549,54,Male,Delhi,2023-02-23
2550,52,Female,Bangalore,2024-02-07
2551,24,Male,Pune,2023-11-14
2552,44,Female,Delhi,2023-12-15
2553,45,Male,Pune,2024-03-18
2554,39,Female,Mumbai,2024-08-02
2555,31,Female,Delhi,2024-06-23
2556,24,Female,Mumbai,2023-10-09
2557,54,Male,Mumbai,2023-12-26
2558,39,Male,Delhi,2023-01-08
2559,22,Male,Ahmedabad,2024-07-16
2560,19,Male,Delhi,2024-05-05
2561,44,Female,Ahmedabad,2023-12-07
2562,38,Female,Pune,2024-04-16
2563,55,Male,Pune,2023-09-06
2564,32,Male,Delhi,2023-08-23
2565,38,Male,Pune,2023-03-24
2566,27,Female,Bangalore,2023-04-03
2567,40,Male,Mumbai,2024-01-29
2568,56,Male,Mumbai,2023-09-25
2569,22,Female,Ahmedabad,2024-02-21
2570,18,Female,Pune,2024-08-05
2571,30,Male,Ahmedabad,2024-06-12
2572,38,Female,Mumbai,2023-09-10
2573,43,Male,Mumbai,2023-05-02
2574,62,Female,Pune,2023-01-10
2575,38,Male,Bangalore,2023-11-12
2576,35,Male,Bangalore,2023-09-30
2577,54,Male,Pune,2023-11-02
2578,62,Male,Pune,2023-07-29
2579,49,Female,Ahmedabad,2024-04-08
2580,53,Female,Pune,2024-02-20
2581,34,Female,Bangalore,2023-08-04
2582,52,Female,Pune,2023-03-21
2583,28,Male,Ahmedabad,2024-04-24
2584,38,Male,Ahmedabad,2024-06-30
2585,43,Female,Ahmedabad,2023-01-18
2586,21,Female,Ahmedabad,2023-06-14
2587,51,Female,Delhi,2024-06-08
2588,35,Female,Pune,2023-07-21
2589,57,Female,Mumbai,2023-12-12
2590,52,Male,Pune,2024-01-01
2591,58,Male,Delhi,2024-03-23
2592,46,Male,Ahmedabad,2024-05-27
2593,46,Female,Delhi,2023-11-15
2594,55,Female,Bangalore,2023-08-05
2595,59,Female,Bangalore,2023-02-03
2596,38,Female,Pune,2023-09-23
2597,59,Male,Pune,2023-03-21
2598,30,Male,Mumbai,2024-02-17
2599,58,Female,Mumbai,2023-09-09
2600,34,Male,Bangalore,2023-01-12
2601,26,Male,Ahmedabad,2024-02-05
2602,58,Female,Delhi,2023-10-09
2603,18,Female,Mumbai,2023-04-22
2604,19,Female,Mumbai,2024-01-13
2605,46,Female,Ahmedabad,2023-09-25
2606,50,Female,Ahmedabad,2023-10-25
2607,27,Female,Pune,2023-11-13
2608,57,Male,Delhi,2024-07-23
2609,38,Male,Ahmedabad,2024-05-23
2610,45,Female,Mumbai,2024-06-29
2611,28,Male,Mumbai,2023-12-31
2612,51,Female,Bangalore,2024-06-30
2613,25,Female,Ahmedabad,2023-09-28
2614,39,Female,Pune,2024-04-18
2615,25,Female,Delhi,2024-06-20
2616,32,Male,Pune,2023-08-22
2617,34,Female,Mumbai,2023-02-28
2618,40,Male,Pune,2023-09-08
2619,41,Female,Mumbai,2023-03-27
2620,62,Female,Mumbai,2024-01-25
2621,36,Female,Mumbai,2023-06-29
2622,22,Male,Mumbai,2023-05-29
2623,49,Female,Mumbai,2024-08-05
2624,61,Female,Bangalore,2023-05-01
2625,18,Female,Pune,2023-09-13
2626,40,Male,Bangalore,2023-11-05
2627,54,Male,Bangalore,2023-02-28
2628,25,Male,Ahmedabad,2023-03-10
2629,30,Female,Ahmedabad,2024-03-21
2630,25,Male,Ahmedabad,2024-01-23
2631,40,Female,Delhi,2023-03-27
2632,60,Male,Ahmedabad,2023-08-15
2633,18,Male,Pune,2024-08-15
2634,62,Female,Bangalore,2023-07-03
2635,41,Male,Pune,2023-11-18
2636,52,Female,Ahmedabad,2023-11-14
2637,41,Female,Delhi,2024-07-19
2638,34,Male,Delhi,2024-02-03
2639,22,Female,Bangalore,2023-10-20
2640,37,Female,Pune,2023-10-20
2641,38,Male,Mumbai,2024-04-29
2642,57,Male,Pune,2024-03-22
2643,48,Female,Ahmedabad,2024-02-16
2644,63,Male,Mumbai,2024-05-22
2645,53,Female,Delhi,2023-09-01
2646,28,Female,Bangalore,2024-02-24
2647,32,Male,Bangalore,2023-06-03
2648,36,Male,Delhi,2024-02-28
2649,24,Male,Ahmedabad,2023-09-30
2650,45,Male,Delhi,2024-06-03
2651,60,Female,Ahmedabad,2023-05-08
2652,22,Female,Mumbai,2024-01-08
2653,22,Male,Delhi,2024-07-21
2654,47,Male,Ahmedabad,2023-06-08
2655,49,Female,Mumbai,2024-07-24
2656,25,Female,Delhi,2024-07-23
2657,27,Female,Bangalore,2023-06-25
2658,55,Female,Delhi,2023-07-30
2659,64,Male,Pune,2024-03-22
2660,49,Female,Delhi,2024-08-08
2661,45,Female,Pune,2023-06-16
2662,34,Male,Mumbai,2024-04-04
2663,48,Female,Delhi,2023-12-23
2664,25,Female,Mumbai,2023-10-31
2665,57,Male,Mumbai,2023-08-21
2666,42,Male,Ahmedabad,2023-11-23
2667,26,Male,Mumbai,2023-07-01
2668,19,Female,Mumbai,2023-11-30
2669,32,Female,Delhi,2023-01-29
2670,20,Male,Delhi,2023-04-03
2671,53,Male,Bangalore,2023-11-26
2672,21,Female,Ahmedabad,2023-07-03
2673,31,Male,Mumbai,2023-04-05
2674,58,Male,Ahmedabad,2023-12-19
2675,58,Male,Pune,2023-09-22
2676,42,Female,Mumbai,2023-01-19
2677,27,Female,Ahmedabad,2024-05-13
2678,38,Female,Bangalore,2023-05-19
2679,53,Female,Bangalore,2024-07-26
2680,29,Female,Mumbai,2024-06-08
2681,44,Female,Pune,2023-09-12
2682,57,Male,Bangalore,2023-03-26
2683,19,Female,Bangalore,2024-04-02
2684,30,Female,Pune,2024-06-15
2685,49,Male,Ahmedabad,2024-07-15
2686,48,Female,Bangalore,2023-04-02
2687,33,Female,Delhi,2024-08-22
2688,49,Male,Bangalore,2023-03-10
2689,49,Male,Ahmedabad,2023-02-06
2690,51,Male,Ahmedabad,2023-05-20
2691,28,Female,Mumbai,2024-07-19
2692,27,Male,Delhi,2023-06-27
2693,32,Female,Ahmedabad,2023-05-17
2694,34,Female,Pune,2023-07-09
2695,57,Female,Delhi,2023-12-08
2696,35,Female,Delhi,2024-07-12
2697,26,Male,Pune,2023-01-05
2698,42,Male,Bangalore,2023-09-14
2699,57,Female,Pune,2023-08-31
2700,31,Male,Pune,2024-02-19
2701,42,Female,Bangalore,2023-12-09
2702,39,Female,Bangalore,2024-01-14
2703,47,Female,Bangalore,2024-08-16
2704,37,Male,Bangalore,2023-05-26
2705,38,Female,Bangalore,2023-11-19
2706,61,Female,Pune,2023-05-02
2707,49,Male,Mumbai,2023-09-09
2708,63,Male,Mumbai,2023-11-07
2709,38,Male,Ahmedabad,2024-04-19
2710,52,Male,Mumbai,2024-07-23
2711,49,Female,Mumbai,2024-05-06
2712,47,Male,Pune,2024-07-28
2713,56,Female,Bangalore,2023-12-13
2714,29,Male,Bangalore,2024-05-01
2715,58,Male,Pune,2024-04-17
2716,64,Male,Mumbai,2024-01-17
2717,35,Male,Pune,2023-10-07
2718,38,Male,Ahmedabad,2023-03-13
2719,30,Male,Bangalore,2024-06-04
2720,38,Female,Delhi,2024-01-01
2721,25,Male,Ahmedabad,2023-04-04
2722,63,Male,Ahmedabad,2024-01-08
2723,57,Male,Pune,2023-12-05
2724,63,Male,Mumbai,2024-03-12
2725,24,Female,Bangalore,2023-12-02
2726,40,Male,Delhi,2024-05-06
2727,61,Male,Ahmedabad,2023-02-09
2728,49,Male,Delhi,2023-12-25
2729,28,Male,Mumbai,2024-07-27
2730,39,Female,Mumbai,2023-09-11
2731,39,Male,Delhi,2024-08-03
2732,60,Female,Bangalore,2024-02-02
2733,42,Male,Mumbai,2023-06-19
2734,39,Female,Delhi,2024-05-25
2735,45,Female,Ahmedabad,2023-09-17
2736,46,Male,Delhi,2024-08-06
2737,30,Male,Delhi,2024-04-03
2738,35,Female,Pune,2024-06-12
2739,19,Female,Mumbai,2023-12-07
2740,46,Male,Bangalore,2023-02-26
2741,38,Female,Bangalore,2023-08-06
2742,32,Female,Pune,2024-04-08
2743,44,Female,Bangalore,2023-09-04
2744,48,Male,Delhi,2024-01-08
2745,32,Female,Pune,2024-02-21
2746,40,Female,Ahmedabad,2023-01-31
2747,41,Female,Mumbai,2024-01-03
2748,61,Male,Mumbai,2024-07-12
2749,30,Male,Mumbai,2023-04-18
2750,39,Female,Delhi,2024-08-06
2751,60,Male,Ahmedabad,2024-02-22
2752,54,Female,Pune,2024-02-02
2753,50,Male,Pune,2023-09-29
2754,20,Male,Mumbai,2023-04-26
2755,36,Female,Ahmedabad,2024-08-08
2756,40,Male,Ahmedabad,2023-09-13
2757,46,Male,Ahmedabad,2023-03-22
2758,47,Male,Bangalore,2023-05-08
2759,56,Female,Bangalore,2023-08-23
2760,61,Male,Mumbai,2024-07-06
2761,64,Male,Ahmedabad,2023-06-30
2762,42,Female,Ahmedabad,2023-06-06
2763,54,Male,Pune,2024-03-29
2764,64,Male,Pune,2024-07-24
2765,25,Male,Mumbai,2023-01-24
2766,59,Male,Ahmedabad,2024-04-17
2767,33,Male,Mumbai,2024-02-04
2768,25,Female,Pune,2024-08-14
2769,18,Female,Pune,2023-05-14
2770,61,Male,Bangalore,2024-02-25
2771,22,Male,Mumbai,2023-08-01
2772,20,Male,Mumbai,2024-04-26
2773,18,Female,Ahmedabad,2023-12-14
2774,21,Female,Ahmedabad,2023-06-15
2775,57,Male,Bangalore,2023-12-14
2776,52,Male,Delhi,2024-02-02
2777,49,Female,Delhi,2024-08-05
2778,59,Male,Delhi,2024-03-10
2779,51,Female,Mumbai,2024-07-30
2780,60,Female,Mumbai,2023-08-09
2781,42,Male,Pune,2023-11-04
2782,27,Female,Mumbai,2024-04-10
2783,38,Male,Mumbai,2023-04-09
2784,63,Male,Mumbai,2023-08-30
2785,56,Male,Bangalore,2023-06-07
2786,44,Male,Mumbai,2024-07-07
2787,44,Male,Ahmedabad,2023-08-15
2788,19,Male,Ahmedabad,2024-02-27
2789,58,Female,Pune,2023-03-13
2790,30,Female,Bangalore,2023-08-31
2791,26,Female,Ahmedabad,2024-06-13
2792,53,Female,Bangalore,2024-08-11
2793,39,Male,Bangalore,2023-02-14
2794,59,Female,Pune,2024-04-16
2795,43,Female,Bangalore,2024-01-06
2796,29,Female,Mumbai,2023-04-02
2797,34,Male,Bangalore,2023-01-22
2798,31,Female,Pune,2023-06-21
2799,31,Male,Pune,2023-07-11
2800,51,Female,Pune,2023-03-18
2801,37,Male,Ahmedabad,2023-10-08
2802,28,Male,Mumbai,2023-12-30
2803,33,Female,Ahmedabad,2023-06-28
2804,48,Male,Delhi,2023-08-26
2805,23,Male,Mumbai,2023-05-15
2806,36,Female,Bangalore,2023-10-07
2807,54,Female,Pune,2023-01-19
2808,21,Female,Delhi,2024-08-17
2809,64,Male,Mumbai,2024-01-06
2810,21,Male,Ahmedabad,2023-04-22
2811,37,Male,Pune,2023-08-09
2812,27,Female,Ahmedabad,2023-10-31
2813,41,Male,Mumbai,2023-11-21
2814,52,Male,Mumbai,2024-03-12
2815,43,Male,Delhi,2024-03-13
2816,54,Male,Bangalore,2023-06-19
2817,55,Male,Ahmedabad,2024-01-10
2818,38,Male,Delhi,2024-07-10
2819,57,Male,Pune,2024-01-16
2820,56,Female,Bangalore,2023-01-14
2821,38,Female,Delhi,2024-05-14
2822,27,Female,Ahmedabad,2024-01-26
2823,55,Male,Mumbai,2024-07-02
2824,63,Male,Pune,2024-07-18
2825,21,Female,Ahmedabad,2024-06-13
2826,62,Male,Bangalore,2024-05-06
2827,37,Female,Bangalore,2024-07-03
2828,34,Male,Mumbai,2024-01-20
2829,24,Male,Mumbai,2023-07-15
2830,21,Female,Pune,2023-10-27
2831,46,Female,Pune,2024-06-30
2832,31,Female,Mumbai,2023-11-04
2833,20,Female,Mumbai,2023-09-09
2834,41,Female,Bangalore,2023-01-08
2835,54,Male,Mumbai,2023-07-27
2836,33,Male,Delhi,2023-05-11
2837,21,Male,Ahmedabad,2023-01-26
2838,41,Female,Mumbai,2024-03-29
2839,51,Female,Pune,2023-07-05
2840,47,Female,Delhi,2024-04-28
2841,35,Female,Pune,2023-02-20
2842,36,Female,Delhi,2023-01-05
2843,48,Female,Mumbai,2024-08-11
2844,36,Male,Ahmedabad,2023-06-09
2845,63,Male,Pune,2023-07-27
2846,36,Male,Delhi,2023-09-14
2847,39,Male,Bangalore,2023-07-24
2848,41,Male,Mumbai,2023-01-11
2849,62,Female,Ahmedabad,2023-01-08
2850,29,Female,Mumbai,2024-02-13
2851,47,Female,Bangalore,2023-02-01
2852,55,Female,Ahmedabad,2024-06-23
2853,48,Female,Bangalore,2024-01-22
2854,53,Female,Mumbai,2023-08-16
2855,36,Male,Delhi,2024-04-19
2856,62,Female,Mumbai,2023-07-26
2857,53,Female,Mumbai,2023-11-14
2858,47,Female,Mumbai,2024-07-10
2859,50,Female,Pune,2023-12-14
2860,35,Male,Bangalore,2023-08-22
2861,45,Male,Bangalore,2023-02-13
2862,64,Female,Bangalore,2023-05-22
2863,28,Male,Pune,2023-06-25
2864,62,Male,Delhi,2024-03-24
2865,50,Female,Mumbai,2024-08-14
2866,34,Female,Delhi,2023-03-23
2867,23,Female,Pune,2023-05-15
2868,21,Female,Bangalore,2023-06-26
2869,37,Female,Mumbai,2024-01-18
2870,64,Male,Ahmedabad,2023-08-31
2871,44,Female,Ahmedabad,2024-07-20
2872,32,Female,Delhi,2023-05-21
2873,23,Female,Bangalore,2024-04-01
2874,64,Male,Ahmedabad,2024-03-15
2875,31,Female,Delhi,2023-02-25
2876,28,Female,Pune,2024-06-10
2877,56,Female,Delhi,2024-02-23
2878,26,Male,Delhi,2023-03-29
2879,43,Female,Delhi,2023-01-08
2880,33,Female,Mumbai,2024-04-21
2881,22,Female,Delhi,2023-08-03
2882,27,Male,Delhi,2024-07-05
2883,20,Female,Mumbai,2024-05-11
2884,30,Female,Mumbai,2024-05-17
2885,60,Female,Pune,2023-09-02
2886,47,Male,Bangalore,2024-04-22
2887,62,Female,Ahmedabad,2023-11-05
2888,23,Female,Ahmedabad,2023-08-19
2889,34,Female,Delhi,2024-01-18
2890,62,Male,Pune,2023-06-04
2891,36,Male,Delhi,2023-06-24
2892,59,Female,Ahmedabad,2023-04-25
2893,52,Male,Mumbai,2024-01-25
2894,63,Male,Bangalore,2023-11-07
2895,43,Male,Pune,2023-10-27
2896,22,Female,Mumbai,2023-01-18
2897,46,Female,Bangalore,2023-01-12
2898,54,Male,Pune,2024-02-08
2899,37,Male,Pune,2023-08-20
2900,38,Male,Ahmedabad,2023-10-05
2901,27,Female,Mumbai,2023-12-19
2902,22,Female,Pune,2023-10-30
2903,53,Male,Pune,2024-06-24
2904,23,Male,Bangalore,2024-04-14
2905,43,Male,Ahmedabad,2023-03-18
2906,21,Male,Delhi,2024-06-04
2907,56,Female,Ahmedabad,2023-01-24
2908,56,Male,Delhi,2023-01-15
2909,52,Female,Mumbai,2024-06-08
2910,18,Male,Mumbai,2023-12-13
2911,41,Male,Pune,2023-06-21
2912,53,Male,Mumbai,2023-11-23
2913,23,Male,Pune,2024-04-29
2914,58,Male,Ahmedabad,2024-05-03
2915,63,Female,Mumbai,2024-04-06
2916,61,Male,Ahmedabad,2024-01-13
2917,48,Male,Ahmedabad,2024-08-10
2918,37,Male,Mumbai,2023-06-13
2919,41,Female,Ahmedabad,2024-01-07
2920,42,Female,Mumbai,2024-07-26
2921,53,Female,Mumbai,2024-02-28
2922,38,Female,Mumbai,2024-04-21
2923,47,Male,Delhi,2024-01-17
2924,41,Male,Ahmedabad,2023-06-04
2925,61,Male,Bangalore,2023-09-14
2926,59,Female,Mumbai,2023-03-09
2927,47,Male,Ahmedabad,2023-12-10
2928,39,Male,Pune,2023-10-04
2929,45,Female,Mumbai,2024-01-26
2930,24,Female,Mumbai,2024-03-24
2931,52,Female,Bangalore,2023-09-16
2932,45,Male,Delhi,2023-11-03
2933,31,Male,Delhi,2023-04-05
2934,27,Female,Mumbai,2024-04-08
2935,33,Male,Ahmedabad,2023-09-03
2936,33,Female,Pune,2023-07-06
2937,48,Female,Pune,2024-01-08
2938,59,Male,Ahmedabad,2024-07-25
2939,42,Female,Mumbai,2024-02-10
2940,30,Female,Pune,2024-02-12
2941,23,Female,Delhi,2023-05-05
2942,61,Male,Ahmedabad,2023-12-03
2943,26,Female,Bangalore,2023-12-07
2944,62,Female,Mumbai,2024-07-16
2945,53,Female,Ahmedabad,2023-06-27
2946,60,Female,Pune,2023-06-19
2947,37,Female,Mumbai,2023-02-08
2948,35,Female,Delhi,2023-03-10
2949,60,Female,Mumbai,2023-08-24
2950,38,Male,Mumbai,2024-07-13
2951,21,Male,Delhi,2024-01-16
2952,50,Female,Delhi,2023-02-26
2953,44,Male,Mumbai,2023-10-04
2954,24,Male,Delhi,2023-04-09
2955,23,Female,Ahmedabad,2024-06-10
2956,32,Male,Delhi,2023-11-21
2957,35,Female,Delhi,2024-04-05
2958,49,Female,Mumbai,2023-06-28
2959,28,Female,Ahmedabad,2024-07-27
2960,37,Female,Bangalore,2023-04-29
2961,41,Female,Bangalore,2024-04-13
2962,32,Male,Pune,2024-07-02
2963,24,Female,Delhi,2024-03-30
2964,38,Male,Delhi,2023-01-26
2965,59,Female,Ahmedabad,2024-05-04
2966,43,Female,Bangalore,2023-01-08
2967,61,Female,Pune,2024-05-30
2968,31,Male,Ahmedabad,2024-06-16
2969,54,Female,Delhi,2023-05-29
2970,38,Female,Bangalore,2024-05-02
2971,35,Female,Pune,2023-01-25
2972,22,Female,Mumbai,2024-07-08
2973,20,Male,Bangalore,2024-02-29
2974,40,Female,Pune,2023-10-20
2975,43,Male,Ahmedabad,2023-07-04
2976,54,Female,Mumbai,2024-07-07
2977,41,Male,Pune,2024-03-06
2978,36,Male,Pune,2023-11-13
2979,42,Female,Delhi,2024-02-02
2980,38,Female,Bangalore,2023-11-20
2981,29,Male,Delhi,2024-07-18
2982,58,Female,Mumbai,2024-08-18
2983,50,Female,Pune,2024-06-29
2984,21,Female,Delhi,2023-03-17
2985,59,Male,Bangalore,2024-04-30
2986,24,Female,Mumbai,2023-03-29
2987,39,Female,Ahmedabad,2023-08-20
2988,50,Female,Delhi,2023-01-07
2989,34,Male,Mumbai,2024-07-03
2990,41,Female,Ahmedabad,2023-02-21
2991,51,Male,Delhi,2024-01-31
2992,45,Female,Mumbai,2023-08-09
2993,60,Male,Mumbai,2024-03-03
2994,58,Female,Delhi,2023-05-23
2995,56,Female,Mumbai,2023-12-29
2996,39,Male,Pune,2024-01-17
2997,34,Male,Delhi,2024-07-14
2998,51,Male,Mumbai,2023-10-04
2999,23,Female,Ahmedabad,2023-09-28
3000,63,Female,Ahmedabad,2023-01-14
